true,pred
1.000000000000000000e+00,9.046728610992431641e-01
1.000000000000000000e+00,9.213151931762695312e-01
1.000000000000000000e+00,9.217054843902587891e-01
1.000000000000000000e+00,9.128316640853881836e-01
1.000000000000000000e+00,9.223682880401611328e-01
1.000000000000000000e+00,9.115306735038757324e-01
1.000000000000000000e+00,9.085605144500732422e-01
1.000000000000000000e+00,9.160141348838806152e-01
1.000000000000000000e+00,9.221433401107788086e-01
1.000000000000000000e+00,9.114958047866821289e-01
1.000000000000000000e+00,9.090677499771118164e-01
1.000000000000000000e+00,8.972270488739013672e-01
1.000000000000000000e+00,9.050630331039428711e-01
1.000000000000000000e+00,9.069848060607910156e-01
1.000000000000000000e+00,9.143439531326293945e-01
1.000000000000000000e+00,9.038369655609130859e-01
1.000000000000000000e+00,8.951033353805541992e-01
1.000000000000000000e+00,9.319446682929992676e-01
1.000000000000000000e+00,8.801568746566772461e-01
1.000000000000000000e+00,9.165468215942382812e-01
1.000000000000000000e+00,9.061343669891357422e-01
1.000000000000000000e+00,8.780635595321655273e-01
1.000000000000000000e+00,8.943163156509399414e-01
1.000000000000000000e+00,9.039920568466186523e-01
1.000000000000000000e+00,8.739278912544250488e-01
1.000000000000000000e+00,8.786633014678955078e-01
1.000000000000000000e+00,8.963901400566101074e-01
1.000000000000000000e+00,8.800875544548034668e-01
1.000000000000000000e+00,8.874759674072265625e-01
1.000000000000000000e+00,9.078679680824279785e-01
1.000000000000000000e+00,8.984764814376831055e-01
1.000000000000000000e+00,8.820457458496093750e-01
1.000000000000000000e+00,8.851176500320434570e-01
1.000000000000000000e+00,8.805045485496520996e-01
1.000000000000000000e+00,8.849735260009765625e-01
1.000000000000000000e+00,8.963166475296020508e-01
1.000000000000000000e+00,8.787982463836669922e-01
1.000000000000000000e+00,8.681981563568115234e-01
1.000000000000000000e+00,8.727145195007324219e-01
1.000000000000000000e+00,9.042169451713562012e-01
1.000000000000000000e+00,8.775486350059509277e-01
1.000000000000000000e+00,8.848201632499694824e-01
1.000000000000000000e+00,8.872591257095336914e-01
1.000000000000000000e+00,8.851693868637084961e-01
1.000000000000000000e+00,8.816878795623779297e-01
1.000000000000000000e+00,8.910549879074096680e-01
1.000000000000000000e+00,8.746061325073242188e-01
1.000000000000000000e+00,8.636821508407592773e-01
1.000000000000000000e+00,8.891081809997558594e-01
1.000000000000000000e+00,8.748347759246826172e-01
1.000000000000000000e+00,8.689029216766357422e-01
1.000000000000000000e+00,8.795846700668334961e-01
1.000000000000000000e+00,8.815056681632995605e-01
1.000000000000000000e+00,8.640926480293273926e-01
1.000000000000000000e+00,8.934087157249450684e-01
1.000000000000000000e+00,8.962103128433227539e-01
1.000000000000000000e+00,8.916261196136474609e-01
1.000000000000000000e+00,9.194637537002563477e-01
1.000000000000000000e+00,9.114996194839477539e-01
1.000000000000000000e+00,9.224326610565185547e-01
1.000000000000000000e+00,9.035096168518066406e-01
1.000000000000000000e+00,9.036887288093566895e-01
1.000000000000000000e+00,9.199292063713073730e-01
1.000000000000000000e+00,9.293216466903686523e-01
1.000000000000000000e+00,9.096698760986328125e-01
1.000000000000000000e+00,9.262397885322570801e-01
1.000000000000000000e+00,9.220473766326904297e-01
1.000000000000000000e+00,9.233360886573791504e-01
9.994175888177052602e-01,9.229220747947692871e-01
9.988351776354106315e-01,9.271975755691528320e-01
9.982527664531158917e-01,9.070401191711425781e-01
9.976703552708211520e-01,9.243830442428588867e-01
9.970879440885265232e-01,9.146979451179504395e-01
9.965055329062317835e-01,9.246288537979125977e-01
9.959231217239370437e-01,9.296947121620178223e-01
9.953407105416424150e-01,9.285585284233093262e-01
9.947582993593476752e-01,9.309206008911132812e-01
9.941758881770530465e-01,9.247977733612060547e-01
9.935934769947583067e-01,9.301787018775939941e-01
9.930110658124635670e-01,9.149299860000610352e-01
9.924286546301689382e-01,9.200371503829956055e-01
9.918462434478741985e-01,9.355065822601318359e-01
9.912638322655794587e-01,9.274159669876098633e-01
9.906814210832848300e-01,9.285278320312500000e-01
9.900990099009900902e-01,9.209781289100646973e-01
9.895165987186953505e-01,9.236784577369689941e-01
9.889341875364007217e-01,9.169931411743164062e-01
9.883517763541059820e-01,9.217596054077148438e-01
9.877693651718113532e-01,9.294332265853881836e-01
9.871869539895166135e-01,9.166601896286010742e-01
9.866045428072218737e-01,9.217303991317749023e-01
9.860221316249272450e-01,9.232751131057739258e-01
9.854397204426325052e-01,9.219022989273071289e-01
9.848573092603377654e-01,9.132021069526672363e-01
9.842748980780431367e-01,9.208042621612548828e-01
9.836924868957483969e-01,9.227037429809570312e-01
9.831100757134536572e-01,9.229329824447631836e-01
9.825276645311590284e-01,9.313582777976989746e-01
9.819452533488642887e-01,9.193950891494750977e-01
9.813628421665695489e-01,9.265254735946655273e-01
9.807804309842749202e-01,9.276616573333740234e-01
9.801980198019801804e-01,9.186951518058776855e-01
9.796156086196854407e-01,9.225663542747497559e-01
9.790331974373908119e-01,9.217044115066528320e-01
9.784507862550960722e-01,9.236478209495544434e-01
9.778683750728014434e-01,9.231288433074951172e-01
9.772859638905067037e-01,9.217597842216491699e-01
9.767035527082119639e-01,9.080182313919067383e-01
9.761211415259173352e-01,9.280899763107299805e-01
9.755387303436225954e-01,9.195104837417602539e-01
9.749563191613278557e-01,9.282128810882568359e-01
9.743739079790332269e-01,9.108707904815673828e-01
9.737914967967384872e-01,9.131010770797729492e-01
9.732090856144437474e-01,9.246392250061035156e-01
9.726266744321491187e-01,9.218093156814575195e-01
9.720442632498543789e-01,9.212404489517211914e-01
9.714618520675597502e-01,9.190564751625061035e-01
9.708794408852650104e-01,9.214300513267517090e-01
9.702970297029702706e-01,9.194531440734863281e-01
9.697146185206756419e-01,9.201571941375732422e-01
9.691322073383809022e-01,9.192225337028503418e-01
9.685497961560861624e-01,9.218122959136962891e-01
9.679673849737915337e-01,9.138087034225463867e-01
9.673849737914967939e-01,9.128330945968627930e-01
9.668025626092020541e-01,9.227592945098876953e-01
9.662201514269074254e-01,9.170768857002258301e-01
9.656377402446126856e-01,9.082876443862915039e-01
9.650553290623179459e-01,9.104533195495605469e-01
9.644729178800233171e-01,9.105503559112548828e-01
9.638905066977285774e-01,9.070944190025329590e-01
9.633080955154338376e-01,9.127092957496643066e-01
9.627256843331392089e-01,9.219881296157836914e-01
9.621432731508444691e-01,9.214923381805419922e-01
9.615608619685498404e-01,9.100794196128845215e-01
9.609784507862551006e-01,9.035971164703369141e-01
9.603960396039603609e-01,9.034729003906250000e-01
9.598136284216657321e-01,9.107225537300109863e-01
9.592312172393709924e-01,9.218437671661376953e-01
9.586488060570762526e-01,9.164230823516845703e-01
9.580663948747816239e-01,9.218455553054809570e-01
9.574839836924868841e-01,9.112718701362609863e-01
9.569015725101921443e-01,9.099682569503784180e-01
9.563191613278975156e-01,9.061439037322998047e-01
9.557367501456027759e-01,9.248688817024230957e-01
9.551543389633081471e-01,9.007607698440551758e-01
9.545719277810134074e-01,9.062507152557373047e-01
9.539895165987186676e-01,9.143002033233642578e-01
9.534071054164240389e-01,9.305216073989868164e-01
9.528246942341292991e-01,9.282014369964599609e-01
9.522422830518345593e-01,9.160701632499694824e-01
9.516598718695399306e-01,9.097054004669189453e-01
9.510774606872451908e-01,9.065934419631958008e-01
9.504950495049504511e-01,9.077686667442321777e-01
9.499126383226558223e-01,9.176124930381774902e-01
9.493302271403610826e-01,9.134388566017150879e-01
9.487478159580663428e-01,9.171621799468994141e-01
9.481654047757717141e-01,9.081208705902099609e-01
9.475829935934769743e-01,9.046826958656311035e-01
9.470005824111822346e-01,9.159550666809082031e-01
9.464181712288876058e-01,9.209045171737670898e-01
9.458357600465928661e-01,9.039987325668334961e-01
9.452533488642982373e-01,9.072205424308776855e-01
9.446709376820034976e-01,9.158755540847778320e-01
9.440885264997087578e-01,9.036582708358764648e-01
9.435061153174141291e-01,9.233896732330322266e-01
9.429237041351193893e-01,9.178035855293273926e-01
9.423412929528246496e-01,8.952252864837646484e-01
9.417588817705300208e-01,8.999906778335571289e-01
9.411764705882352811e-01,8.944097161293029785e-01
9.405940594059405413e-01,9.107939004898071289e-01
9.400116482236459126e-01,9.163771867752075195e-01
9.394292370413511728e-01,9.158026576042175293e-01
9.388468258590565441e-01,9.159741401672363281e-01
9.382644146767618043e-01,9.063922762870788574e-01
9.376820034944670645e-01,9.071142673492431641e-01
9.370995923121724358e-01,9.038212895393371582e-01
9.365171811298776960e-01,9.042742848396301270e-01
9.359347699475829563e-01,9.075608253479003906e-01
9.353523587652883275e-01,9.124675393104553223e-01
9.347699475829935878e-01,8.901704549789428711e-01
9.341875364006988480e-01,8.980481624603271484e-01
9.336051252184042193e-01,9.091567993164062500e-01
9.330227140361094795e-01,8.972998857498168945e-01
9.324403028538148508e-01,9.059608578681945801e-01
9.318578916715201110e-01,9.100338220596313477e-01
9.312754804892253713e-01,9.151492118835449219e-01
9.306930693069306315e-01,8.851939439773559570e-01
9.301106581246360028e-01,9.166709184646606445e-01
9.295282469423412630e-01,8.970043659210205078e-01
9.289458357600466343e-01,9.281107187271118164e-01
9.283634245777518945e-01,9.085984826087951660e-01
9.277810133954571548e-01,8.864171504974365234e-01
9.271986022131625260e-01,9.091620445251464844e-01
9.266161910308677863e-01,9.123828411102294922e-01
9.260337798485730465e-01,9.163002967834472656e-01
9.254513686662784178e-01,8.788625001907348633e-01
9.248689574839836780e-01,9.077343940734863281e-01
9.242865463016889382e-01,8.995780944824218750e-01
9.237041351193943095e-01,9.000808000564575195e-01
9.231217239370995697e-01,8.823868036270141602e-01
9.225393127548049410e-01,8.951750993728637695e-01
9.219569015725102012e-01,8.876911401748657227e-01
9.213744903902154615e-01,8.974521756172180176e-01
9.207920792079208328e-01,8.962429165840148926e-01
9.202096680256260930e-01,8.931256532669067383e-01
9.196272568433313532e-01,9.062008857727050781e-01
9.190448456610367245e-01,9.068804383277893066e-01
9.184624344787419847e-01,9.042043685913085938e-01
9.178800232964472450e-01,8.817448616027832031e-01
9.172976121141526162e-01,9.052328467369079590e-01
9.167152009318578765e-01,8.672990202903747559e-01
9.161327897495632477e-01,8.991825580596923828e-01
9.155503785672685080e-01,9.080134034156799316e-01
9.149679673849737682e-01,8.919055461883544922e-01
9.143855562026790285e-01,9.224706888198852539e-01
9.138031450203843997e-01,9.142334461212158203e-01
9.132207338380896600e-01,9.073328971862792969e-01
9.126383226557950312e-01,8.698002099990844727e-01
9.120559114735002915e-01,8.724972009658813477e-01
9.114735002912055517e-01,9.230008125305175781e-01
9.108910891089109230e-01,8.494565486907958984e-01
9.103086779266161832e-01,9.034047126770019531e-01
9.097262667443214434e-01,8.861720561981201172e-01
9.091438555620268147e-01,9.258156418800354004e-01
9.085614443797320749e-01,8.759872317314147949e-01
9.079790331974373352e-01,8.914493918418884277e-01
9.073966220151427065e-01,8.807641267776489258e-01
9.068142108328479667e-01,9.004593491554260254e-01
9.062317996505533380e-01,8.931976556777954102e-01
9.056493884682585982e-01,9.034850597381591797e-01
9.050669772859638584e-01,8.878721594810485840e-01
9.044845661036692297e-01,9.221416711807250977e-01
9.039021549213744899e-01,8.805404901504516602e-01
9.033197437390797502e-01,9.117253422737121582e-01
9.027373325567851214e-01,8.879848122596740723e-01
9.021549213744903817e-01,8.878016471862792969e-01
9.015725101921956419e-01,8.854138851165771484e-01
9.009900990099010132e-01,8.958523273468017578e-01
9.004076878276062734e-01,8.842910528182983398e-01
8.998252766453116447e-01,8.839997053146362305e-01
8.992428654630169049e-01,8.691818118095397949e-01
8.986604542807221652e-01,8.553633689880371094e-01
8.980780430984274254e-01,8.969995975494384766e-01
8.974956319161327967e-01,8.982032537460327148e-01
8.969132207338380569e-01,9.007194042205810547e-01
8.963308095515434282e-01,8.842357397079467773e-01
8.957483983692486884e-01,8.340730071067810059e-01
8.951659871869539487e-01,8.731527328491210938e-01
8.945835760046593199e-01,9.099489450454711914e-01
8.940011648223645802e-01,8.583039045333862305e-01
8.934187536400698404e-01,8.913338780403137207e-01
8.928363424577752117e-01,8.688911199569702148e-01
8.922539312754804719e-01,8.485193252563476562e-01
8.916715200931857321e-01,8.767030239105224609e-01
8.910891089108911034e-01,8.595128059387207031e-01
8.905066977285963636e-01,8.841308355331420898e-01
8.899242865463017349e-01,8.688919544219970703e-01
8.893418753640069951e-01,8.813672661781311035e-01
8.887594641817122554e-01,8.785353302955627441e-01
8.881770529994176266e-01,8.815755844116210938e-01
8.875946418171228869e-01,8.819068670272827148e-01
8.870122306348281471e-01,8.971826434135437012e-01
8.864298194525335184e-01,8.837413787841796875e-01
8.858474082702387786e-01,8.780319094657897949e-01
8.852649970879440389e-01,8.955031037330627441e-01
8.846825859056494101e-01,8.599463701248168945e-01
8.841001747233546704e-01,8.495001792907714844e-01
8.835177635410600416e-01,8.652061223983764648e-01
8.829353523587653019e-01,8.560667037963867188e-01
8.823529411764705621e-01,8.695648312568664551e-01
8.817705299941758224e-01,8.569372892379760742e-01
8.811881188118811936e-01,9.006069898605346680e-01
8.806057076295864539e-01,8.407295942306518555e-01
8.800232964472918251e-01,8.538558483123779297e-01
8.794408852649970854e-01,8.795704841613769531e-01
8.788584740827023456e-01,8.618143796920776367e-01
8.782760629004077169e-01,8.860389590263366699e-01
8.776936517181129771e-01,8.668789267539978027e-01
8.771112405358182373e-01,8.975979089736938477e-01
8.765288293535236086e-01,8.583058118820190430e-01
8.759464181712288688e-01,8.458429574966430664e-01
8.753640069889341291e-01,8.286573886871337891e-01
8.747815958066395003e-01,8.606731891632080078e-01
8.741991846243447606e-01,8.657985925674438477e-01
8.736167734420501318e-01,9.069828987121582031e-01
8.730343622597553921e-01,8.732246160507202148e-01
8.724519510774606523e-01,8.710014820098876953e-01
8.718695398951660236e-01,8.655226230621337891e-01
8.712871287128712838e-01,8.943322896957397461e-01
8.707047175305765441e-01,8.467943668365478516e-01
8.701223063482819153e-01,8.406942486763000488e-01
8.695398951659871756e-01,8.494031429290771484e-01
8.689574839836924358e-01,8.458810448646545410e-01
8.683750728013978071e-01,8.616504073143005371e-01
8.677926616191030673e-01,8.656978607177734375e-01
8.672102504368084386e-01,8.668975830078125000e-01
8.666278392545136988e-01,8.785288333892822266e-01
8.660454280722189591e-01,8.405199050903320312e-01
8.654630168899242193e-01,8.592215180397033691e-01
8.648806057076295906e-01,8.772286772727966309e-01
8.642981945253348508e-01,8.485118150711059570e-01
8.637157833430402221e-01,8.729454874992370605e-01
8.631333721607454823e-01,8.560286760330200195e-01
8.625509609784507425e-01,8.442141413688659668e-01
8.619685497961561138e-01,8.791862726211547852e-01
8.613861386138613740e-01,8.712241053581237793e-01
8.608037274315667453e-01,8.308428525924682617e-01
8.602213162492720055e-01,8.488361835479736328e-01
8.596389050669772658e-01,8.623347282409667969e-01
8.590564938846825260e-01,8.709340691566467285e-01
8.584740827023878973e-01,8.320938944816589355e-01
8.578916715200931575e-01,8.424537181854248047e-01
8.573092603377985288e-01,8.463222384452819824e-01
8.567268491555037890e-01,8.459299802780151367e-01
8.561444379732090493e-01,8.500252962112426758e-01
8.555620267909144205e-01,8.355517387390136719e-01
8.549796156086196808e-01,8.280928134918212891e-01
8.543972044263249410e-01,8.487848639488220215e-01
8.538147932440303123e-01,8.626767396926879883e-01
8.532323820617355725e-01,8.650810122489929199e-01
8.526499708794408328e-01,8.455086946487426758e-01
8.520675596971462040e-01,8.394390344619750977e-01
8.514851485148514643e-01,8.630710244178771973e-01
8.509027373325568355e-01,8.636898994445800781e-01
8.503203261502620958e-01,8.600149750709533691e-01
8.497379149679673560e-01,8.677345514297485352e-01
8.491555037856726162e-01,8.680356740951538086e-01
8.485730926033779875e-01,8.230077028274536133e-01
8.479906814210832477e-01,8.866283893585205078e-01
8.474082702387886190e-01,8.446075916290283203e-01
8.468258590564938793e-01,8.778690099716186523e-01
8.462434478741991395e-01,8.433593511581420898e-01
8.456610366919045108e-01,8.387638330459594727e-01
8.450786255096097710e-01,8.488538265228271484e-01
8.444962143273151423e-01,8.575673103332519531e-01
8.439138031450204025e-01,8.625645637512207031e-01
8.433313919627256627e-01,8.524702787399291992e-01
8.427489807804309230e-01,8.790012598037719727e-01
8.421665695981362942e-01,8.717373609542846680e-01
8.415841584158415545e-01,8.400909900665283203e-01
8.410017472335469257e-01,8.351668715476989746e-01
8.404193360512521860e-01,8.458917737007141113e-01
8.398369248689574462e-01,7.969735860824584961e-01
8.392545136866628175e-01,8.619439005851745605e-01
8.386721025043680777e-01,8.972443342208862305e-01
8.380896913220733380e-01,8.832017183303833008e-01
8.375072801397787092e-01,8.508256077766418457e-01
8.369248689574839695e-01,8.163660764694213867e-01
8.363424577751892297e-01,8.725807070732116699e-01
8.357600465928946010e-01,8.007296323776245117e-01
8.351776354105998612e-01,8.406637907028198242e-01
8.345952242283052325e-01,8.538863062858581543e-01
8.340128130460104927e-01,8.604431152343750000e-01
8.334304018637157530e-01,7.994865775108337402e-01
8.328479906814210132e-01,8.647588491439819336e-01
8.322655794991263845e-01,8.462286591529846191e-01
8.316831683168316447e-01,8.745272755622863770e-01
8.311007571345370160e-01,8.683767318725585938e-01
8.305183459522422762e-01,8.942985534667968750e-01
8.299359347699475364e-01,9.320962429046630859e-01
8.293535235876529077e-01,9.629055261611938477e-01
8.287711124053581679e-01,8.624871969223022461e-01
8.281887012230635392e-01,9.149625301361083984e-01
8.276062900407687994e-01,8.176846504211425781e-01
8.270238788584740597e-01,8.778823614120483398e-01
8.264414676761793199e-01,7.024017572402954102e-01
8.258590564938846912e-01,9.086996912956237793e-01
8.252766453115899514e-01,9.206539988517761230e-01
8.246942341292953227e-01,8.692390918731689453e-01
8.241118229470005829e-01,8.853524923324584961e-01
8.235294117647058432e-01,8.763818144798278809e-01
8.229470005824112144e-01,8.321576118469238281e-01
8.223645894001164747e-01,7.125660181045532227e-01
8.217821782178217349e-01,9.260814189910888672e-01
8.211997670355271062e-01,9.099223613739013672e-01
8.206173558532323664e-01,7.680894732475280762e-01
8.200349446709376267e-01,8.140740990638732910e-01
8.194525334886429979e-01,8.679286241531372070e-01
8.188701223063482582e-01,9.065552949905395508e-01
8.182877111240536294e-01,7.343753576278686523e-01
8.177052999417588897e-01,8.779920339584350586e-01
8.171228887594641499e-01,8.402428627014160156e-01
8.165404775771694101e-01,7.814493179321289062e-01
8.159580663948747814e-01,8.993955850601196289e-01
8.153756552125800416e-01,8.535946011543273926e-01
8.147932440302854129e-01,7.285820841789245605e-01
8.142108328479906731e-01,8.555937409400939941e-01
8.136284216656959334e-01,8.524731397628784180e-01
8.130460104834013046e-01,8.864259719848632812e-01
8.124635993011065649e-01,7.526673078536987305e-01
8.118811881188119361e-01,8.388270735740661621e-01
8.112987769365171964e-01,7.335408926010131836e-01
8.107163657542224566e-01,9.026329517364501953e-01
8.101339545719277169e-01,9.069633483886718750e-01
8.095515433896330881e-01,7.953789830207824707e-01
8.089691322073383484e-01,8.832105398178100586e-01
8.083867210250437196e-01,8.567773103713989258e-01
8.078043098427489799e-01,9.194894433021545410e-01
8.072218986604542401e-01,8.379598855972290039e-01
8.066394874781596114e-01,9.379553794860839844e-01
8.060570762958648716e-01,8.347710371017456055e-01
8.054746651135702429e-01,8.577419519424438477e-01
8.048922539312755031e-01,8.408350944519042969e-01
8.043098427489807634e-01,8.719456195831298828e-01
8.037274315666860236e-01,8.575646877288818359e-01
8.031450203843913949e-01,9.138017892837524414e-01
8.025626092020966551e-01,9.353393912315368652e-01
8.019801980198020264e-01,8.225786685943603516e-01
8.013977868375072866e-01,8.297132253646850586e-01
8.008153756552125468e-01,8.909705281257629395e-01
8.002329644729178071e-01,8.388000130653381348e-01
7.996505532906231783e-01,7.899997830390930176e-01
7.990681421083284386e-01,7.081322669982910156e-01
7.984857309260338099e-01,7.589826583862304688e-01
7.979033197437390701e-01,9.162527918815612793e-01
7.973209085614443303e-01,9.152477979660034180e-01
7.967384973791497016e-01,9.007413387298583984e-01
7.961560861968549618e-01,7.811248302459716797e-01
7.955736750145603331e-01,8.897876739501953125e-01
7.949912638322655933e-01,8.067059516906738281e-01
7.944088526499708536e-01,8.786544799804687500e-01
7.938264414676761138e-01,8.999216556549072266e-01
7.932440302853814851e-01,8.091323375701904297e-01
7.926616191030867453e-01,6.912952661514282227e-01
7.920792079207921166e-01,8.107644319534301758e-01
7.914967967384973768e-01,8.152657747268676758e-01
7.909143855562026371e-01,8.775036334991455078e-01
7.903319743739080083e-01,8.705198764801025391e-01
7.897495631916132686e-01,7.729828357696533203e-01
7.891671520093186398e-01,8.851239681243896484e-01
7.885847408270239001e-01,7.466247677803039551e-01
7.880023296447291603e-01,7.390591502189636230e-01
7.874199184624344205e-01,8.210542798042297363e-01
7.868375072801397918e-01,7.983323335647583008e-01
7.862550960978450520e-01,6.705178022384643555e-01
7.856726849155504233e-01,9.110529422760009766e-01
7.850902737332556836e-01,8.885983824729919434e-01
7.845078625509609438e-01,7.221885323524475098e-01
7.839254513686662040e-01,8.442256450653076172e-01
7.833430401863715753e-01,9.110019207000732422e-01
7.827606290040768355e-01,7.397630214691162109e-01
7.821782178217822068e-01,7.819503545761108398e-01
7.815958066394874670e-01,8.925174474716186523e-01
7.810133954571927273e-01,8.993064165115356445e-01
7.804309842748980985e-01,9.079684615135192871e-01
7.798485730926033588e-01,7.959653139114379883e-01
7.792661619103087300e-01,7.073836326599121094e-01
7.786837507280139903e-01,7.441918253898620605e-01
7.781013395457192505e-01,7.912405729293823242e-01
7.775189283634245108e-01,6.981598138809204102e-01
7.769365171811298820e-01,8.626078367233276367e-01
7.763541059988351423e-01,8.621103763580322266e-01
7.757716948165405135e-01,7.633213996887207031e-01
7.751892836342457738e-01,6.933937072753906250e-01
7.746068724519510340e-01,8.323518633842468262e-01
7.740244612696564053e-01,7.245985269546508789e-01
7.734420500873616655e-01,8.524374961853027344e-01
7.728596389050670368e-01,7.219450473785400391e-01
7.722772277227722970e-01,7.639508247375488281e-01
7.716948165404775573e-01,8.547978997230529785e-01
7.711124053581828175e-01,7.271908521652221680e-01
7.705299941758881888e-01,8.493463993072509766e-01
7.699475829935934490e-01,7.055839300155639648e-01
7.693651718112988203e-01,7.026879787445068359e-01
7.687827606290040805e-01,8.922082185745239258e-01
7.682003494467093407e-01,7.145964503288269043e-01
7.676179382644146010e-01,8.834530115127563477e-01
7.670355270821199722e-01,6.814961433410644531e-01
7.664531158998252325e-01,8.373309969902038574e-01
7.658707047175306037e-01,7.410873174667358398e-01
7.652882935352358640e-01,7.824738025665283203e-01
7.647058823529411242e-01,8.866704702377319336e-01
7.641234711706464955e-01,7.275193929672241211e-01
7.635410599883517557e-01,8.701653480529785156e-01
7.629586488060571270e-01,8.893694877624511719e-01
7.623762376237623872e-01,7.800781726837158203e-01
7.617938264414676475e-01,7.909865379333496094e-01
7.612114152591729077e-01,8.248331546783447266e-01
7.606290040768782790e-01,7.275961041450500488e-01
7.600465928945835392e-01,7.548120617866516113e-01
7.594641817122889105e-01,6.645862460136413574e-01
7.588817705299941707e-01,7.894680500030517578e-01
7.582993593476994310e-01,8.038775920867919922e-01
7.577169481654048022e-01,7.126659154891967773e-01
7.571345369831100625e-01,7.255085706710815430e-01
7.565521258008154337e-01,5.975967645645141602e-01
7.559697146185206940e-01,7.000983953475952148e-01
7.553873034362259542e-01,6.940155625343322754e-01
7.548048922539312144e-01,8.185370564460754395e-01
7.542224810716365857e-01,7.235023975372314453e-01
7.536400698893418459e-01,7.114011049270629883e-01
7.530576587070472172e-01,8.050700426101684570e-01
7.524752475247524774e-01,6.830302476882934570e-01
7.518928363424577377e-01,6.879024505615234375e-01
7.513104251601629979e-01,6.468782424926757812e-01
7.507280139778683692e-01,6.301973462104797363e-01
7.501456027955736294e-01,6.895550489425659180e-01
7.495631916132790007e-01,8.344206213951110840e-01
7.489807804309842609e-01,6.587029695510864258e-01
7.483983692486895212e-01,6.490164995193481445e-01
7.478159580663948924e-01,6.715561151504516602e-01
7.472335468841001527e-01,7.158474922180175781e-01
7.466511357018055239e-01,6.874145269393920898e-01
7.460687245195107842e-01,7.437499761581420898e-01
7.454863133372160444e-01,9.027271270751953125e-01
7.449039021549213047e-01,6.791480779647827148e-01
7.443214909726266759e-01,7.310604453086853027e-01
7.437390797903320472e-01,6.857677698135375977e-01
7.431566686080373074e-01,6.143754720687866211e-01
7.425742574257425677e-01,6.909451484680175781e-01
7.419918462434478279e-01,7.588890790939331055e-01
7.414094350611530881e-01,6.363006830215454102e-01
7.408270238788584594e-01,8.566496968269348145e-01
7.402446126965638307e-01,6.284888982772827148e-01
7.396622015142690909e-01,8.298026323318481445e-01
7.390797903319743511e-01,7.205619812011718750e-01
7.384973791496796114e-01,6.253823041915893555e-01
7.379149679673849827e-01,7.576659917831420898e-01
7.373325567850902429e-01,7.272905707359313965e-01
7.367501456027956142e-01,6.400870084762573242e-01
7.361677344205008744e-01,8.061964511871337891e-01
7.355853232382061346e-01,7.922983169555664062e-01
7.350029120559113949e-01,6.678829789161682129e-01
7.344205008736167661e-01,8.012669682502746582e-01
7.338380896913221374e-01,7.516975402832031250e-01
7.332556785090273976e-01,5.869288444519042969e-01
7.326732673267326579e-01,7.276954054832458496e-01
7.320908561444379181e-01,7.769556045532226562e-01
7.315084449621432894e-01,7.935081720352172852e-01
7.309260337798485496e-01,7.254120707511901855e-01
7.303436225975539209e-01,7.028893828392028809e-01
7.297612114152591811e-01,7.670845985412597656e-01
7.291788002329644414e-01,6.370792388916015625e-01
7.285963890506697016e-01,7.980067133903503418e-01
7.280139778683750729e-01,6.987310647964477539e-01
7.274315666860804441e-01,6.989102363586425781e-01
7.268491555037857044e-01,6.878851652145385742e-01
7.262667443214909646e-01,6.339566707611083984e-01
7.256843331391962248e-01,6.617128849029541016e-01
7.251019219569014851e-01,8.115354776382446289e-01
7.245195107746068564e-01,6.696738600730895996e-01
7.239370995923122276e-01,6.067122220993041992e-01
7.233546884100174879e-01,6.998168230056762695e-01
7.227722772277227481e-01,7.604490518569946289e-01
7.221898660454280083e-01,7.523831129074096680e-01
7.216074548631333796e-01,6.372758150100708008e-01
7.210250436808386398e-01,7.437312602996826172e-01
7.204426324985440111e-01,7.485950589179992676e-01
7.198602213162492713e-01,7.494899034500122070e-01
7.192778101339545316e-01,6.644692420959472656e-01
7.186953989516597918e-01,8.574864864349365234e-01
7.181129877693651631e-01,6.022141575813293457e-01
7.175305765870705343e-01,7.192314863204956055e-01
7.169481654047757946e-01,7.266475558280944824e-01
7.163657542224810548e-01,6.923673152923583984e-01
7.157833430401863151e-01,8.231647014617919922e-01
7.152009318578916863e-01,7.943063974380493164e-01
7.146185206755969466e-01,7.240501046180725098e-01
7.140361094933023178e-01,7.794116735458374023e-01
7.134536983110075781e-01,8.663477897644042969e-01
7.128712871287128383e-01,7.581391334533691406e-01
7.122888759464180986e-01,6.695646643638610840e-01
7.117064647641234698e-01,6.545823812484741211e-01
7.111240535818288411e-01,7.302688360214233398e-01
7.105416423995341013e-01,8.072459697723388672e-01
7.099592312172393616e-01,6.494982838630676270e-01
7.093768200349446218e-01,6.750379800796508789e-01
7.087944088526498820e-01,6.970336437225341797e-01
7.082119976703552533e-01,7.421919107437133789e-01
7.076295864880606246e-01,8.089951872825622559e-01
7.070471753057658848e-01,6.402365565299987793e-01
7.064647641234711450e-01,6.484809517860412598e-01
7.058823529411764053e-01,6.895215511322021484e-01
7.052999417588817765e-01,6.527963876724243164e-01
7.047175305765870368e-01,6.876802444458007812e-01
7.041351193942924080e-01,6.124169826507568359e-01
7.035527082119976683e-01,7.637501358985900879e-01
7.029702970297029285e-01,8.131623268127441406e-01
7.023878858474081888e-01,7.139862179756164551e-01
7.018054746651135600e-01,6.383931040763854980e-01
7.012230634828189313e-01,6.228952407836914062e-01
7.006406523005241915e-01,7.261647582054138184e-01
7.000582411182294518e-01,6.093084812164306641e-01
6.994758299359347120e-01,6.531471014022827148e-01
6.988934187536400833e-01,8.075031042098999023e-01
6.983110075713453435e-01,6.891286373138427734e-01
6.977285963890507148e-01,6.631396412849426270e-01
6.971461852067559750e-01,6.397231817245483398e-01
6.965637740244612353e-01,6.175667643547058105e-01
6.959813628421664955e-01,7.641657590866088867e-01
6.953989516598718668e-01,6.991469860076904297e-01
6.948165404775772380e-01,7.044794559478759766e-01
6.942341292952824983e-01,6.079211235046386719e-01
6.936517181129877585e-01,6.554850339889526367e-01
6.930693069306930187e-01,8.117600679397583008e-01
6.924868957483982790e-01,6.793791055679321289e-01
6.919044845661036502e-01,6.803791522979736328e-01
6.913220733838090215e-01,6.677262187004089355e-01
6.907396622015142817e-01,6.750662326812744141e-01
6.901572510192195420e-01,7.849820256233215332e-01
6.895748398369248022e-01,6.678318977355957031e-01
6.889924286546301735e-01,6.518723368644714355e-01
6.884100174723354337e-01,7.384392023086547852e-01
6.878276062900408050e-01,6.652343273162841797e-01
6.872451951077460652e-01,7.688907384872436523e-01
6.866627839254513255e-01,7.046883106231689453e-01
6.860803727431565857e-01,7.261157631874084473e-01
6.854979615608619570e-01,7.563201785087585449e-01
6.849155503785673282e-01,6.405271291732788086e-01
6.843331391962725885e-01,7.437052726745605469e-01
6.837507280139778487e-01,8.525209426879882812e-01
6.831683168316831090e-01,6.730028986930847168e-01
6.825859056493884802e-01,6.805491447448730469e-01
6.820034944670937405e-01,7.390993833541870117e-01
6.814210832847991117e-01,6.844642162322998047e-01
6.808386721025043720e-01,7.236379384994506836e-01
6.802562609202096322e-01,7.150033116340637207e-01
6.796738497379148924e-01,6.569873094558715820e-01
6.790914385556202637e-01,6.389425992965698242e-01
6.785090273733256350e-01,5.952869653701782227e-01
6.779266161910308952e-01,7.518239617347717285e-01
6.773442050087361554e-01,6.151863932609558105e-01
6.767617938264414157e-01,6.508907079696655273e-01
6.761793826441466759e-01,6.913970112800598145e-01
6.755969714618520472e-01,7.990382313728332520e-01
6.750145602795574185e-01,7.023700475692749023e-01
6.744321490972626787e-01,7.197682261466979980e-01
6.738497379149679389e-01,6.840596199035644531e-01
6.732673267326731992e-01,6.483815908432006836e-01
6.726849155503785704e-01,6.504328846931457520e-01
6.721025043680838307e-01,7.596791982650756836e-01
6.715200931857892019e-01,6.331854462623596191e-01
6.709376820034944622e-01,6.845454573631286621e-01
6.703552708211997224e-01,6.622363924980163574e-01
6.697728596389049827e-01,6.205725073814392090e-01
6.691904484566103539e-01,6.480594873428344727e-01
6.686080372743157252e-01,7.301858663558959961e-01
6.680256260920209854e-01,6.912523508071899414e-01
6.674432149097262457e-01,6.612634658813476562e-01
6.668608037274315059e-01,6.401166319847106934e-01
6.662783925451368772e-01,6.474868059158325195e-01
6.656959813628421374e-01,6.334120035171508789e-01
6.651135701805475087e-01,6.102003455162048340e-01
6.645311589982527689e-01,6.938955783843994141e-01
6.639487478159580292e-01,6.076236963272094727e-01
6.633663366336632894e-01,6.296685934066772461e-01
6.627839254513686607e-01,6.346278190612792969e-01
6.622015142690740319e-01,7.479607462882995605e-01
6.616191030867792922e-01,6.241765022277832031e-01
6.610366919044845524e-01,6.573084592819213867e-01
6.604542807221898126e-01,4.753602147102355957e-01
6.598718695398950729e-01,6.775602698326110840e-01
6.592894583576004441e-01,6.876512765884399414e-01
6.587070471753058154e-01,6.699851751327514648e-01
6.581246359930110756e-01,7.063212394714355469e-01
6.575422248107163359e-01,6.778264045715332031e-01
6.569598136284215961e-01,6.393451690673828125e-01
6.563774024461269674e-01,5.945630073547363281e-01
6.557949912638322276e-01,7.097282409667968750e-01
6.552125800815375989e-01,6.258429288864135742e-01
6.546301688992428591e-01,6.809389591217041016e-01
6.540477577169481194e-01,6.402835845947265625e-01
6.534653465346533796e-01,6.450325250625610352e-01
6.528829353523587509e-01,6.413790583610534668e-01
6.523005241700641221e-01,6.643838882446289062e-01
6.517181129877693824e-01,7.021638154983520508e-01
6.511357018054746426e-01,5.718331336975097656e-01
6.505532906231799029e-01,6.251503229141235352e-01
6.499708794408852741e-01,6.822896599769592285e-01
6.493884682585905344e-01,6.194492578506469727e-01
6.488060570762959056e-01,6.599417924880981445e-01
6.482236458940011659e-01,6.117523908615112305e-01
6.476412347117064261e-01,6.523714065551757812e-01
6.470588235294116863e-01,6.346180438995361328e-01
6.464764123471170576e-01,6.537373661994934082e-01
6.458940011648224289e-01,7.176922559738159180e-01
6.453115899825276891e-01,6.210120916366577148e-01
6.447291788002329493e-01,6.633561849594116211e-01
6.441467676179382096e-01,6.331796646118164062e-01
6.435643564356434698e-01,6.228138208389282227e-01
6.429819452533488411e-01,5.900771617889404297e-01
6.423995340710542123e-01,6.724673509597778320e-01
6.418171228887594726e-01,6.342779397964477539e-01
6.412347117064647328e-01,6.506760120391845703e-01
6.406523005241699931e-01,6.355346441268920898e-01
6.400698893418753643e-01,6.779245138168334961e-01
6.394874781595806246e-01,6.182845830917358398e-01
6.389050669772859958e-01,6.926225423812866211e-01
6.383226557949912561e-01,5.759335756301879883e-01
6.377402446126965163e-01,6.885792016983032227e-01
6.371578334304017766e-01,6.197432279586791992e-01
6.365754222481071478e-01,6.240770816802978516e-01
6.359930110658125191e-01,6.141604185104370117e-01
6.354105998835177793e-01,6.045019626617431641e-01
6.348281887012230396e-01,6.386177539825439453e-01
6.342457775189282998e-01,6.770703792572021484e-01
6.336633663366336711e-01,6.197290420532226562e-01
6.330809551543389313e-01,7.056488990783691406e-01
6.324985439720443026e-01,5.162533521652221680e-01
6.319161327897495628e-01,6.251431703567504883e-01
6.313337216074548230e-01,6.035320162773132324e-01
6.307513104251600833e-01,6.257019042968750000e-01
6.301688992428654545e-01,5.974833965301513672e-01
6.295864880605708258e-01,6.457211971282958984e-01
6.290040768782760860e-01,6.720432043075561523e-01
6.284216656959813463e-01,6.926110982894897461e-01
6.278392545136866065e-01,6.051212549209594727e-01
6.272568433313919778e-01,6.255433559417724609e-01
6.266744321490972380e-01,6.128207445144653320e-01
6.260920209668026093e-01,6.513975262641906738e-01
6.255096097845078695e-01,6.084601879119873047e-01
6.249271986022131298e-01,6.992551088333129883e-01
6.243447874199183900e-01,5.892174243927001953e-01
6.237623762376237613e-01,5.833810567855834961e-01
6.231799650553291325e-01,7.387190461158752441e-01
6.225975538730343928e-01,6.452145576477050781e-01
6.220151426907396530e-01,7.050657272338867188e-01
6.214327315084449133e-01,4.280165135860443115e-01
6.208503203261501735e-01,5.749251246452331543e-01
6.202679091438555448e-01,6.574994921684265137e-01
6.196854979615609160e-01,6.661529541015625000e-01
6.191030867792661763e-01,6.939066648483276367e-01
6.185206755969714365e-01,6.355969309806823730e-01
6.179382644146766967e-01,6.486966609954833984e-01
6.173558532323820680e-01,5.570449233055114746e-01
6.167734420500873282e-01,6.098738908767700195e-01
6.161910308677926995e-01,6.580896973609924316e-01
6.156086196854979598e-01,6.559115648269653320e-01
6.150262085032032200e-01,6.559477448463439941e-01
6.144437973209084802e-01,6.687457561492919922e-01
6.138613861386138515e-01,6.535311341285705566e-01
6.132789749563192228e-01,7.027217745780944824e-01
6.126965637740244830e-01,6.525633335113525391e-01
6.121141525917297432e-01,6.222060918807983398e-01
6.115317414094350035e-01,5.812921524047851562e-01
6.109493302271403747e-01,6.679885387420654297e-01
6.103669190448456350e-01,6.152380704879760742e-01
6.097845078625510062e-01,6.890851855278015137e-01
6.092020966802562665e-01,6.398621797561645508e-01
6.086196854979615267e-01,6.676290631294250488e-01
6.080372743156667870e-01,6.760955452919006348e-01
6.074548631333721582e-01,4.981601238250732422e-01
6.068724519510775295e-01,5.922187566757202148e-01
6.062900407687827897e-01,5.997979044914245605e-01
6.057076295864880500e-01,6.875182986259460449e-01
6.051252184041933102e-01,6.620528697967529297e-01
6.045428072218985704e-01,6.487810611724853516e-01
6.039603960396039417e-01,6.178734898567199707e-01
6.033779848573093130e-01,5.708954334259033203e-01
6.027955736750145732e-01,6.177009344100952148e-01
6.022131624927198335e-01,6.267106533050537109e-01
6.016307513104250937e-01,5.467458963394165039e-01
6.010483401281304650e-01,6.622237563133239746e-01
6.004659289458357252e-01,6.807011961936950684e-01
5.998835177635410965e-01,7.317906618118286133e-01
5.993011065812463567e-01,6.540894508361816406e-01
5.987186953989516169e-01,6.921728849411010742e-01
5.981362842166568772e-01,7.045053243637084961e-01
5.975538730343622484e-01,6.113510727882385254e-01
5.969714618520676197e-01,6.756415367126464844e-01
5.963890506697728799e-01,5.920969843864440918e-01
5.958066394874781402e-01,6.618339419364929199e-01
5.952242283051834004e-01,4.844808280467987061e-01
5.946418171228887717e-01,6.886871457099914551e-01
5.940594059405940319e-01,6.623792648315429688e-01
5.934769947582994032e-01,6.919308900833129883e-01
5.928945835760046634e-01,6.318975687026977539e-01
5.923121723937099237e-01,6.670506000518798828e-01
5.917297612114151839e-01,6.459296941757202148e-01
5.911473500291205552e-01,6.079975962638854980e-01
5.905649388468259264e-01,6.698361635208129883e-01
5.899825276645311867e-01,6.814967393875122070e-01
5.894001164822364469e-01,5.756325125694274902e-01
5.888177052999417072e-01,6.297729015350341797e-01
5.882352941176469674e-01,6.382991671562194824e-01
5.876528829353523387e-01,6.500512957572937012e-01
5.870704717530577099e-01,6.745909452438354492e-01
5.864880605707629702e-01,6.980506181716918945e-01
5.859056493884682304e-01,6.931124925613403320e-01
5.853232382061734906e-01,6.749309897422790527e-01
5.847408270238788619e-01,6.177387237548828125e-01
5.841584158415841221e-01,6.679177284240722656e-01
5.835760046592894934e-01,5.619423389434814453e-01
5.829935934769947536e-01,5.095026493072509766e-01
5.824111822947000139e-01,6.857868432998657227e-01
5.818287711124052741e-01,6.819109916687011719e-01
5.812463599301106454e-01,6.673618555068969727e-01
5.806639487478160166e-01,6.194004416465759277e-01
5.800815375655212769e-01,6.739416122436523438e-01
5.794991263832265371e-01,7.149252295494079590e-01
5.789167152009317974e-01,6.440348625183105469e-01
5.783343040186371686e-01,6.250611543655395508e-01
5.777518928363424289e-01,6.582684516906738281e-01
5.771694816540478001e-01,6.692526340484619141e-01
5.765870704717530604e-01,6.074714660644531250e-01
5.760046592894583206e-01,6.536017656326293945e-01
5.754222481071635809e-01,5.977382659912109375e-01
5.748398369248689521e-01,7.354822754859924316e-01
5.742574257425743234e-01,6.410468816757202148e-01
5.736750145602795836e-01,6.063501238822937012e-01
5.730926033779848439e-01,4.159624874591827393e-01
5.725101921956901041e-01,5.857498645782470703e-01
5.719277810133953643e-01,6.783238649368286133e-01
5.713453698311007356e-01,4.647165536880493164e-01
5.707629586488061069e-01,6.141600012779235840e-01
5.701805474665113671e-01,7.285602688789367676e-01
5.695981362842166273e-01,6.562783718109130859e-01
5.690157251019218876e-01,6.344394683837890625e-01
5.684333139196272588e-01,5.510255098342895508e-01
5.678509027373325191e-01,5.343190431594848633e-01
5.672684915550378904e-01,6.426402330398559570e-01
5.666860803727431506e-01,5.698819756507873535e-01
5.661036691904484108e-01,6.740588545799255371e-01
5.655212580081536711e-01,6.621385812759399414e-01
5.649388468258590423e-01,7.046108245849609375e-01
5.643564356435644136e-01,7.377208471298217773e-01
5.637740244612696738e-01,6.293118000030517578e-01
5.631916132789749341e-01,6.883039474487304688e-01
5.626092020966801943e-01,6.806085109710693359e-01
5.620267909143855656e-01,5.753929615020751953e-01
5.614443797320908258e-01,6.428107023239135742e-01
5.608619685497961971e-01,5.275729894638061523e-01
5.602795573675014573e-01,5.519102811813354492e-01
5.596971461852067176e-01,6.612992286682128906e-01
5.591147350029119778e-01,6.464077830314636230e-01
5.585323238206173491e-01,4.719366431236267090e-01
5.579499126383227203e-01,6.517751216888427734e-01
5.573675014560279806e-01,5.359979867935180664e-01
5.567850902737332408e-01,6.411396861076354980e-01
5.562026790914385010e-01,5.199586153030395508e-01
5.556202679091437613e-01,6.539056301116943359e-01
5.550378567268491325e-01,6.272631883621215820e-01
5.544554455445545038e-01,6.051477193832397461e-01
5.538730343622597641e-01,6.670005917549133301e-01
5.532906231799650243e-01,5.543413162231445312e-01
5.527082119976702845e-01,4.554744958877563477e-01
5.521258008153756558e-01,6.334611177444458008e-01
5.515433896330809160e-01,6.520497798919677734e-01
5.509609784507862873e-01,3.958623409271240234e-01
5.503785672684915475e-01,6.718789935111999512e-01
5.497961560861968078e-01,5.185270309448242188e-01
5.492137449039020680e-01,6.806887984275817871e-01
5.486313337216074393e-01,5.560619831085205078e-01
5.480489225393128105e-01,5.732267498970031738e-01
5.474665113570180708e-01,6.398009061813354492e-01
5.468841001747233310e-01,6.455832123756408691e-01
5.463016889924285913e-01,6.466718912124633789e-01
5.457192778101339625e-01,5.310266017913818359e-01
5.451368666278392228e-01,6.546744108200073242e-01
5.445544554455445940e-01,6.447178721427917480e-01
5.439720442632498543e-01,6.056411266326904297e-01
5.433896330809551145e-01,5.802459716796875000e-01
5.428072218986603747e-01,6.874527931213378906e-01
5.422248107163657460e-01,7.013995647430419922e-01
5.416423995340711173e-01,5.868602991104125977e-01
5.410599883517763775e-01,5.775043964385986328e-01
5.404775771694816378e-01,6.475564241409301758e-01
5.398951659871868980e-01,4.762965142726898193e-01
5.393127548048921582e-01,6.235085129737854004e-01
5.387303436225975295e-01,4.953358769416809082e-01
5.381479324403029008e-01,4.913795292377471924e-01
5.375655212580081610e-01,6.093440055847167969e-01
5.369831100757134212e-01,6.296709179878234863e-01
5.364006988934186815e-01,6.545084714889526367e-01
5.358182877111240527e-01,5.994639396667480469e-01
5.352358765288293130e-01,5.622615814208984375e-01
5.346534653465346842e-01,6.242146492004394531e-01
5.340710541642399445e-01,6.310030221939086914e-01
5.334886429819452047e-01,4.465111494064331055e-01
5.329062317996504650e-01,4.431350827217102051e-01
5.323238206173558362e-01,5.889031887054443359e-01
5.317414094350612075e-01,6.251186728477478027e-01
5.311589982527664677e-01,4.054279923439025879e-01
5.305765870704717280e-01,5.442853569984436035e-01
5.299941758881769882e-01,5.508288145065307617e-01
5.294117647058823595e-01,5.050585269927978516e-01
5.288293535235876197e-01,6.337695121765136719e-01
5.282469423412929910e-01,6.585731506347656250e-01
5.276645311589982512e-01,5.401031970977783203e-01
5.270821199767035115e-01,6.088576912879943848e-01
5.264997087944087717e-01,4.248943924903869629e-01
5.259172976121141430e-01,5.932999253273010254e-01
5.253348864298195142e-01,7.467225790023803711e-01
5.247524752475247745e-01,5.867811441421508789e-01
5.241700640652300347e-01,6.451776027679443359e-01
5.235876528829352949e-01,4.274069666862487793e-01
5.230052417006405552e-01,4.116027951240539551e-01
5.224228305183459264e-01,5.541552305221557617e-01
5.218404193360512977e-01,4.233039617538452148e-01
5.212580081537565579e-01,6.219716072082519531e-01
5.206755969714618182e-01,3.847201466560363770e-01
5.200931857891670784e-01,6.747028827667236328e-01
5.195107746068724497e-01,3.538822233676910400e-01
5.189283634245777099e-01,5.214986205101013184e-01
5.183459522422830812e-01,6.596903800964355469e-01
5.177635410599883414e-01,5.471144914627075195e-01
5.171811298776936017e-01,5.272173881530761719e-01
5.165987186953988619e-01,5.639485120773315430e-01
5.160163075131042332e-01,5.390256047248840332e-01
5.154338963308096044e-01,5.497938990592956543e-01
5.148514851485148647e-01,5.838968753814697266e-01
5.142690739662201249e-01,4.105418324470520020e-01
5.136866627839253852e-01,6.401821374893188477e-01
5.131042516016307564e-01,4.204664826393127441e-01
5.125218404193360167e-01,5.844942331314086914e-01
5.119394292370413879e-01,5.685608386993408203e-01
5.113570180547466482e-01,4.251160025596618652e-01
5.107746068724519084e-01,4.977915287017822266e-01
5.101921956901571686e-01,7.104459404945373535e-01
5.096097845078625399e-01,3.753243088722229004e-01
5.090273733255679112e-01,6.086992025375366211e-01
5.084449621432731714e-01,5.289425253868103027e-01
5.078625509609784316e-01,6.090728640556335449e-01
5.072801397786836919e-01,6.324353218078613281e-01
5.066977285963889521e-01,4.907267093658447266e-01
5.061153174140943234e-01,5.319226980209350586e-01
5.055329062317996947e-01,6.163263320922851562e-01
5.049504950495049549e-01,5.331773161888122559e-01
5.043680838672102151e-01,5.514386892318725586e-01
5.037856726849154754e-01,5.050004720687866211e-01
5.032032615026208466e-01,4.904873073101043701e-01
5.026208503203261069e-01,5.190219283103942871e-01
5.020384391380314781e-01,4.471894204616546631e-01
5.014560279557367384e-01,6.203355789184570312e-01
5.008736167734419986e-01,6.304571032524108887e-01
5.002912055911472589e-01,5.237097740173339844e-01
4.997087944088526301e-01,5.508998632431030273e-01
4.991263832265578904e-01,6.039991378784179688e-01
4.985439720442632616e-01,6.192969083786010742e-01
4.979615608619685219e-01,6.194409132003784180e-01
4.973791496796737821e-01,6.608340144157409668e-01
4.967967384973791534e-01,4.108071029186248779e-01
4.962143273150844136e-01,3.720895946025848389e-01
4.956319161327897849e-01,6.208800077438354492e-01
4.950495049504950451e-01,5.756667256355285645e-01
4.944670937682003053e-01,5.612174272537231445e-01
4.938846825859056766e-01,4.184876680374145508e-01
4.933022714036109369e-01,4.834495782852172852e-01
4.927198602213161971e-01,5.225999951362609863e-01
4.921374490390215684e-01,5.920302271842956543e-01
4.915550378567268286e-01,5.284609794616699219e-01
4.909726266744320888e-01,4.549259543418884277e-01
4.903902154921374601e-01,6.001027822494506836e-01
4.898078043098427203e-01,5.677721500396728516e-01
4.892253931275479806e-01,4.686977267265319824e-01
4.886429819452533518e-01,4.811884760856628418e-01
4.880605707629586121e-01,3.932071924209594727e-01
4.874781595806639833e-01,6.267296075820922852e-01
4.868957483983692436e-01,3.689328730106353760e-01
4.863133372160745038e-01,4.191064834594726562e-01
4.857309260337798751e-01,4.784844517707824707e-01
4.851485148514851353e-01,5.336407423019409180e-01
4.845661036691903956e-01,5.343161225318908691e-01
4.839836924868957668e-01,5.581972599029541016e-01
4.834012813046010271e-01,3.628601431846618652e-01
4.828188701223062873e-01,4.596062898635864258e-01
4.822364589400116586e-01,5.627739429473876953e-01
4.816540477577169188e-01,4.750995039939880371e-01
4.810716365754221790e-01,5.992966890335083008e-01
4.804892253931275503e-01,5.664411783218383789e-01
4.799068142108328106e-01,5.850040316581726074e-01
4.793244030285381818e-01,4.326649308204650879e-01
4.787419918462434421e-01,4.803709387779235840e-01
4.781595806639487023e-01,3.755342364311218262e-01
4.775771694816540736e-01,6.182201504707336426e-01
4.769947582993593338e-01,4.742947220802307129e-01
4.764123471170645940e-01,6.277682185173034668e-01
4.758299359347699653e-01,5.115876197814941406e-01
4.752475247524752255e-01,5.742259025573730469e-01
4.746651135701804858e-01,4.608837366104125977e-01
4.740827023878858570e-01,3.671491742134094238e-01
4.735002912055911173e-01,4.322865605354309082e-01
4.729178800232963775e-01,5.905737280845642090e-01
4.723354688410017488e-01,4.386720657348632812e-01
4.717530576587070090e-01,3.848361372947692871e-01
4.711706464764123803e-01,3.987289667129516602e-01
4.705882352941176405e-01,3.619624376296997070e-01
4.700058241118229008e-01,3.533466756343841553e-01
4.694234129295282720e-01,4.994055032730102539e-01
4.688410017472335323e-01,4.821869432926177979e-01
4.682585905649387925e-01,3.925623893737792969e-01
4.676761793826441638e-01,3.663348257541656494e-01
4.670937682003494240e-01,3.702081441879272461e-01
4.665113570180546843e-01,3.628415763378143311e-01
4.659289458357600555e-01,3.666164577007293701e-01
4.653465346534653158e-01,4.242067337036132812e-01
4.647641234711705760e-01,3.443561792373657227e-01
4.641817122888759473e-01,3.654069304466247559e-01
4.635993011065812075e-01,3.470967411994934082e-01
4.630168899242865788e-01,3.564333319664001465e-01
4.624344787419918390e-01,4.698876142501831055e-01
4.618520675596970992e-01,3.393148183822631836e-01
4.612696563774024705e-01,3.422554135322570801e-01
4.606872451951077307e-01,6.302516460418701172e-01
4.601048340128129910e-01,3.807871341705322266e-01
4.595224228305183622e-01,3.447481989860534668e-01
4.589400116482236225e-01,4.471624493598937988e-01
4.583576004659288827e-01,3.534502685070037842e-01
4.577751892836342540e-01,3.802571296691894531e-01
4.571927781013395142e-01,4.999756217002868652e-01
4.566103669190447745e-01,4.046899378299713135e-01
4.560279557367501457e-01,3.561078906059265137e-01
4.554455445544554060e-01,3.501476049423217773e-01
4.548631333721607772e-01,3.499593436717987061e-01
4.542807221898660375e-01,4.500104486942291260e-01
4.536983110075712977e-01,3.710645735263824463e-01
4.531158998252766690e-01,3.650736212730407715e-01
4.525334886429819292e-01,4.692898988723754883e-01
4.519510774606871895e-01,3.835056424140930176e-01
4.513686662783925607e-01,3.385066390037536621e-01
4.507862550960978210e-01,3.241551518440246582e-01
4.502038439138030812e-01,3.779225647449493408e-01
4.496214327315084525e-01,3.930457830429077148e-01
4.490390215492137127e-01,4.569571018218994141e-01
4.484566103669189729e-01,4.231774210929870605e-01
4.478741991846243442e-01,3.415593206882476807e-01
4.472917880023296044e-01,4.294017553329467773e-01
4.467093768200349757e-01,3.504909276962280273e-01
4.461269656377402359e-01,3.406532406806945801e-01
4.455445544554454962e-01,3.342215716838836670e-01
4.449621432731508675e-01,4.104264974594116211e-01
4.443797320908561277e-01,3.790895342826843262e-01
4.437973209085613879e-01,3.790241777896881104e-01
4.432149097262667592e-01,3.865411281585693359e-01
4.426324985439720194e-01,4.569042623043060303e-01
4.420500873616772797e-01,4.300712049007415771e-01
4.414676761793826509e-01,3.591826856136322021e-01
4.408852649970879112e-01,3.481340408325195312e-01
4.403028538147931714e-01,3.666481971740722656e-01
4.397204426324985427e-01,3.856655359268188477e-01
4.391380314502038029e-01,3.681788742542266846e-01
4.385556202679091742e-01,3.555014133453369141e-01
4.379732090856144344e-01,3.404976129531860352e-01
4.373907979033196947e-01,3.192007541656494141e-01
4.368083867210250659e-01,4.026123285293579102e-01
4.362259755387303262e-01,5.067449808120727539e-01
4.356435643564355864e-01,3.399649858474731445e-01
4.350611531741409577e-01,3.768673539161682129e-01
4.344787419918462179e-01,3.947284519672393799e-01
4.338963308095514781e-01,3.602103888988494873e-01
4.333139196272568494e-01,3.417832851409912109e-01
4.327315084449621096e-01,3.230220675468444824e-01
4.321490972626673699e-01,3.506717979907989502e-01
4.315666860803727412e-01,3.489215075969696045e-01
4.309842748980780014e-01,3.469249010086059570e-01
4.304018637157833727e-01,3.497240543365478516e-01
4.298194525334886329e-01,4.481625854969024658e-01
4.292370413511938931e-01,5.176278352737426758e-01
4.286546301688992644e-01,3.760544061660766602e-01
4.280722189866045246e-01,3.754150569438934326e-01
4.274898078043097849e-01,5.440672636032104492e-01
4.269073966220151561e-01,3.994298577308654785e-01
4.263249854397204164e-01,3.674513101577758789e-01
4.257425742574256766e-01,4.139342904090881348e-01
4.251601630751310479e-01,4.618688821792602539e-01
4.245777518928363081e-01,4.180411994457244873e-01
4.239953407105415684e-01,4.034727811813354492e-01
4.234129295282469396e-01,4.107982814311981201e-01
4.228305183459521999e-01,4.375731945037841797e-01
4.222481071636575711e-01,3.993771672248840332e-01
4.216656959813628314e-01,3.785942196846008301e-01
4.210832847990680916e-01,3.939336538314819336e-01
4.205008736167734629e-01,3.673119544982910156e-01
4.199184624344787231e-01,4.553941190242767334e-01
4.193360512521839834e-01,3.592097759246826172e-01
4.187536400698893546e-01,3.899469375610351562e-01
4.181712288875946149e-01,3.530712127685546875e-01
4.175888177052998751e-01,3.464003205299377441e-01
4.170064065230052464e-01,4.750437140464782715e-01
4.164239953407105066e-01,3.769128918647766113e-01
4.158415841584157668e-01,3.771589398384094238e-01
4.152591729761211381e-01,4.294466376304626465e-01
4.146767617938263983e-01,4.424423277378082275e-01
4.140943506115317696e-01,4.712585210800170898e-01
4.135119394292370298e-01,3.576224744319915771e-01
4.129295282469422901e-01,3.953461945056915283e-01
4.123471170646476613e-01,4.540496766567230225e-01
4.117647058823529216e-01,4.181886911392211914e-01
4.111822947000581818e-01,4.241664707660675049e-01
4.105998835177635531e-01,3.693706989288330078e-01
4.100174723354688133e-01,4.492383003234863281e-01
4.094350611531740736e-01,3.482069671154022217e-01
4.088526499708794448e-01,4.488357603549957275e-01
4.082702387885847051e-01,4.088307023048400879e-01
4.076878276062899653e-01,3.549166023731231689e-01
4.071054164239953366e-01,3.309069275856018066e-01
4.065230052417005968e-01,3.730605840682983398e-01
4.059405940594059681e-01,4.979046881198883057e-01
4.053581828771112283e-01,3.422881066799163818e-01
4.047757716948164886e-01,3.705432415008544922e-01
4.041933605125218598e-01,4.331220090389251709e-01
4.036109493302271201e-01,3.337683379650115967e-01
4.030285381479323803e-01,4.020942449569702148e-01
4.024461269656377516e-01,4.604081511497497559e-01
4.018637157833430118e-01,4.476284682750701904e-01
4.012813046010482720e-01,4.310796856880187988e-01
4.006988934187536433e-01,3.695330917835235596e-01
4.001164822364589035e-01,4.227046370506286621e-01
3.995340710541642748e-01,3.480073511600494385e-01
3.989516598718695350e-01,4.398604631423950195e-01
3.983692486895747953e-01,3.474424779415130615e-01
3.977868375072801665e-01,3.399985730648040771e-01
3.972044263249854268e-01,3.968867957592010498e-01
3.966220151426906870e-01,4.369331300258636475e-01
3.960396039603960583e-01,3.654219210147857666e-01
3.954571927781013185e-01,3.495608568191528320e-01
3.948747815958065788e-01,4.390161931514739990e-01
3.942923704135119500e-01,3.422059714794158936e-01
3.937099592312172103e-01,4.653233587741851807e-01
3.931275480489224705e-01,4.333284199237823486e-01
3.925451368666278418e-01,3.734546005725860596e-01
3.919627256843331020e-01,4.398635327816009521e-01
3.913803145020384733e-01,3.446567356586456299e-01
3.907979033197437335e-01,4.093758761882781982e-01
3.902154921374489938e-01,3.954098522663116455e-01
3.896330809551543650e-01,3.951922059059143066e-01
3.890506697728596253e-01,3.225739896297454834e-01
3.884682585905648855e-01,3.354786634445190430e-01
3.878858474082702568e-01,4.132637679576873779e-01
3.873034362259755170e-01,3.505924642086029053e-01
3.867210250436807772e-01,3.479095101356506348e-01
3.861386138613861485e-01,3.326525986194610596e-01
3.855562026790914087e-01,3.815366923809051514e-01
3.849737914967966690e-01,3.918499052524566650e-01
3.843913803145020402e-01,3.332977592945098877e-01
3.838089691322073005e-01,3.395713865756988525e-01
3.832265579499126718e-01,3.649381697177886963e-01
3.826441467676179320e-01,4.357345998287200928e-01
3.820617355853231922e-01,3.246924877166748047e-01
3.814793244030285635e-01,4.749808907508850098e-01
3.808969132207338237e-01,3.289298117160797119e-01
3.803145020384390840e-01,3.388290703296661377e-01
3.797320908561444552e-01,4.485872685909271240e-01
3.791496796738497155e-01,3.317905366420745850e-01
3.785672684915549757e-01,3.616756498813629150e-01
3.779848573092603470e-01,4.695306718349456787e-01
3.774024461269656072e-01,3.355415165424346924e-01
3.768200349446708675e-01,3.282052576541900635e-01
3.762376237623762387e-01,3.895932137966156006e-01
3.756552125800814990e-01,3.355532586574554443e-01
3.750728013977868702e-01,3.388605713844299316e-01
3.744903902154921305e-01,3.305660784244537354e-01
3.739079790331973907e-01,3.410527706146240234e-01
3.733255678509027620e-01,3.161040246486663818e-01
3.727431566686080222e-01,4.466730058193206787e-01
3.721607454863132824e-01,3.314118087291717529e-01
3.715783343040186537e-01,3.929357528686523438e-01
3.709959231217239140e-01,3.601814210414886475e-01
3.704135119394291742e-01,3.294592797756195068e-01
3.698311007571345455e-01,3.316958248615264893e-01
3.692486895748398057e-01,3.257659673690795898e-01
3.686662783925450659e-01,4.351184070110321045e-01
3.680838672102504372e-01,4.356443285942077637e-01
3.675014560279556974e-01,3.363387286663055420e-01
3.669190448456610687e-01,3.406727015972137451e-01
3.663366336633663289e-01,4.412100613117218018e-01
3.657542224810715892e-01,4.534524977207183838e-01
3.651718112987769604e-01,3.518162965774536133e-01
3.645894001164822207e-01,3.655049800872802734e-01
3.640069889341874809e-01,3.551581203937530518e-01
3.634245777518928522e-01,3.707944154739379883e-01
3.628421665695981124e-01,3.292199969291687012e-01
3.622597553873033727e-01,4.421193301677703857e-01
3.616773442050087439e-01,3.814265429973602295e-01
3.610949330227140042e-01,3.215952813625335693e-01
3.605125218404192644e-01,3.430597484111785889e-01
3.599301106581246357e-01,3.201550841331481934e-01
3.593476994758298959e-01,3.152794539928436279e-01
3.587652882935352672e-01,3.218088448047637939e-01
3.581828771112405274e-01,4.774118363857269287e-01
3.576004659289457877e-01,4.567316472530364990e-01
3.570180547466511589e-01,3.225957155227661133e-01
3.564356435643564192e-01,3.305585682392120361e-01
3.558532323820616794e-01,4.770281016826629639e-01
3.552708211997670507e-01,3.371571302413940430e-01
3.546884100174723109e-01,3.214878737926483154e-01
3.541059988351775711e-01,3.465796411037445068e-01
3.535235876528829424e-01,3.236573040485382080e-01
3.529411764705882026e-01,3.568712770938873291e-01
3.523587652882934629e-01,3.309065997600555420e-01
3.517763541059988341e-01,3.353245556354522705e-01
3.511939429237040944e-01,3.396990001201629639e-01
3.506115317414094656e-01,3.399209678173065186e-01
3.500291205591147259e-01,3.238624632358551025e-01
3.494467093768199861e-01,3.266111314296722412e-01
3.488642981945253574e-01,3.504841029644012451e-01
3.482818870122306176e-01,3.366208970546722412e-01
3.476994758299358779e-01,3.416759669780731201e-01
3.471170646476412491e-01,3.249634206295013428e-01
3.465346534653465094e-01,3.523581326007843018e-01
3.459522422830517696e-01,3.347814381122589111e-01
3.453698311007571409e-01,3.160110414028167725e-01
3.447874199184624011e-01,3.637119531631469727e-01
3.442050087361676614e-01,3.225735127925872803e-01
3.436225975538730326e-01,4.024704992771148682e-01
3.430401863715782929e-01,3.396516740322113037e-01
3.424577751892836641e-01,3.179424107074737549e-01
3.418753640069889244e-01,4.551768004894256592e-01
3.412929528246941846e-01,3.439741432666778564e-01
3.407105416423995559e-01,3.286775052547454834e-01
3.401281304601048161e-01,3.212609589099884033e-01
3.395457192778100763e-01,4.141434431076049805e-01
3.389633080955154476e-01,3.105582594871520996e-01
3.383808969132207078e-01,3.294874429702758789e-01
3.377984857309259681e-01,4.424126744270324707e-01
3.372160745486313393e-01,3.287572562694549561e-01
3.366336633663365996e-01,4.042953252792358398e-01
3.360512521840418598e-01,3.394290208816528320e-01
3.354688410017472311e-01,3.185194432735443115e-01
3.348864298194524913e-01,3.143278658390045166e-01
3.343040186371578626e-01,3.351763188838958740e-01
3.337216074548631228e-01,4.369409382343292236e-01
3.331391962725683831e-01,3.600045144557952881e-01
3.325567850902737543e-01,3.219086527824401855e-01
3.319743739079790146e-01,3.674463331699371338e-01
3.313919627256842748e-01,3.233580291271209717e-01
3.308095515433896461e-01,3.181150853633880615e-01
3.302271403610949063e-01,3.213587701320648193e-01
3.296447291788001666e-01,3.392009437084197998e-01
3.290623179965055378e-01,3.468357622623443604e-01
3.284799068142107981e-01,3.219192326068878174e-01
3.278974956319160583e-01,3.724143803119659424e-01
3.273150844496214296e-01,3.378599584102630615e-01
3.267326732673266898e-01,3.306113183498382568e-01
3.261502620850320611e-01,3.330073952674865723e-01
3.255678509027373213e-01,4.223734438419342041e-01
3.249854397204425815e-01,3.664088547229766846e-01
3.244030285381479528e-01,3.306394219398498535e-01
3.238206173558532130e-01,3.686014115810394287e-01
3.232382061735584733e-01,3.377121388912200928e-01
3.226557949912638446e-01,3.267063796520233154e-01
3.220733838089691048e-01,3.511213958263397217e-01
3.214909726266743650e-01,3.503910601139068604e-01
3.209085614443797363e-01,3.547897040843963623e-01
3.203261502620849965e-01,3.809077739715576172e-01
3.197437390797902568e-01,4.682373106479644775e-01
3.191613278974956280e-01,3.280015289783477783e-01
3.185789167152008883e-01,3.124969303607940674e-01
3.179965055329062595e-01,3.586731851100921631e-01
3.174140943506115198e-01,3.245801329612731934e-01
3.168316831683167800e-01,3.233924210071563721e-01
3.162492719860221513e-01,4.088360965251922607e-01
3.156668608037274115e-01,3.443911075592041016e-01
3.150844496214326718e-01,3.291441798210144043e-01
3.145020384391380430e-01,3.278277218341827393e-01
3.139196272568433033e-01,3.258793354034423828e-01
3.133372160745485635e-01,3.450373411178588867e-01
3.127548048922539348e-01,3.300113379955291748e-01
3.121723937099591950e-01,3.780908286571502686e-01
3.115899825276644552e-01,3.877267241477966309e-01
3.110075713453698265e-01,3.346823751926422119e-01
3.104251601630750867e-01,3.877769410610198975e-01
3.098427489807804580e-01,3.728313148021697998e-01
3.092603377984857183e-01,3.374625742435455322e-01
3.086779266161909785e-01,3.798684179782867432e-01
3.080955154338963498e-01,3.269861042499542236e-01
3.075131042516016100e-01,3.349588215351104736e-01
3.069306930693068702e-01,3.408801555633544922e-01
3.063482818870122415e-01,3.380194306373596191e-01
3.057658707047175017e-01,3.417399823665618896e-01
3.051834595224227620e-01,3.247575461864471436e-01
3.046010483401281332e-01,3.250918090343475342e-01
3.040186371578333935e-01,3.265758752822875977e-01
3.034362259755386537e-01,3.640511035919189453e-01
3.028538147932440250e-01,4.156548082828521729e-01
3.022714036109492852e-01,3.377346098423004150e-01
3.016889924286546565e-01,3.205994069576263428e-01
3.011065812463599167e-01,3.401300013065338135e-01
3.005241700640651770e-01,3.519583642482757568e-01
2.999417588817705482e-01,3.228558599948883057e-01
2.993593476994758085e-01,3.286682367324829102e-01
2.987769365171810687e-01,3.194849789142608643e-01
2.981945253348864400e-01,3.478130996227264404e-01
2.976121141525917002e-01,3.241901695728302002e-01
2.970297029702969605e-01,3.385449945926666260e-01
2.964472917880023317e-01,3.274142146110534668e-01
2.958648806057075920e-01,3.590157330036163330e-01
2.952824694234128522e-01,3.204807937145233154e-01
2.947000582411182235e-01,3.236990869045257568e-01
2.941176470588234837e-01,3.367725908756256104e-01
2.935352358765288550e-01,3.609473407268524170e-01
2.929528246942341152e-01,3.323566317558288574e-01
2.923704135119393754e-01,3.172329366207122803e-01
2.917880023296447467e-01,3.257983326911926270e-01
2.912055911473500069e-01,3.967778384685516357e-01
2.906231799650552672e-01,3.231222629547119141e-01
2.900407687827606384e-01,4.214133918285369873e-01
2.894583576004658987e-01,3.547084331512451172e-01
2.888759464181711589e-01,3.355149030685424805e-01
2.882935352358765302e-01,3.298815190792083740e-01
2.877111240535817904e-01,3.327414095401763916e-01
2.871287128712870507e-01,3.334735929965972900e-01
2.865463016889924219e-01,3.140630424022674561e-01
2.859638905066976822e-01,3.249951899051666260e-01
2.853814793244030534e-01,3.720646500587463379e-01
2.847990681421083137e-01,3.568958938121795654e-01
2.842166569598135739e-01,3.270666301250457764e-01
2.836342457775189452e-01,4.496026933193206787e-01
2.830518345952242054e-01,3.179847896099090576e-01
2.824694234129294657e-01,3.311502039432525635e-01
2.818870122306348369e-01,3.288297057151794434e-01
2.813046010483400972e-01,3.278618752956390381e-01
2.807221898660453574e-01,3.239435553550720215e-01
2.801397786837507287e-01,3.257862627506256104e-01
2.795573675014559889e-01,3.413036167621612549e-01
2.789749563191612491e-01,3.617835938930511475e-01
2.783925451368666204e-01,3.135934174060821533e-01
2.778101339545718806e-01,3.262696862220764160e-01
2.772277227722772519e-01,3.187629282474517822e-01
2.766453115899825121e-01,3.360000252723693848e-01
2.760629004076877724e-01,3.557603359222412109e-01
2.754804892253931436e-01,3.284927904605865479e-01
2.748980780430984039e-01,3.344290554523468018e-01
2.743156668608036641e-01,3.302375972270965576e-01
2.737332556785090354e-01,3.252878189086914062e-01
2.731508444962142956e-01,3.309431374073028564e-01
2.725684333139195559e-01,3.814333975315093994e-01
2.719860221316249271e-01,3.282747864723205566e-01
2.714036109493301874e-01,3.156669139862060547e-01
2.708211997670354476e-01,3.196571171283721924e-01
2.702387885847408189e-01,3.647564053535461426e-01
2.696563774024460791e-01,3.203882873058319092e-01
2.690739662201514504e-01,3.536738753318786621e-01
2.684915550378567106e-01,3.262151777744293213e-01
2.679091438555619709e-01,3.188627362251281738e-01
2.673267326732673421e-01,3.254682123661041260e-01
2.667443214909726024e-01,3.303889036178588867e-01
2.661619103086778626e-01,3.281448781490325928e-01
2.655794991263832339e-01,3.518499433994293213e-01
2.649970879440884941e-01,3.428081870079040527e-01
2.644146767617937543e-01,3.212766945362091064e-01
2.638322655794991256e-01,3.379098474979400635e-01
2.632498543972043858e-01,4.370069205760955811e-01
2.626674432149096461e-01,3.273836076259613037e-01
2.620850320326150173e-01,3.864676058292388916e-01
2.615026208503202776e-01,3.505038917064666748e-01
2.609202096680256489e-01,3.566303551197052002e-01
2.603377984857309091e-01,3.178493976593017578e-01
2.597553873034361693e-01,3.591909706592559814e-01
2.591729761211415406e-01,3.365487754344940186e-01
2.585905649388468008e-01,3.259865939617156982e-01
2.580081537565520611e-01,3.109114468097686768e-01
2.574257425742574323e-01,3.240041434764862061e-01
2.568433313919626926e-01,3.302517235279083252e-01
2.562609202096679528e-01,3.265285193920135498e-01
2.556785090273733241e-01,3.314937055110931396e-01
2.550960978450785843e-01,3.250754177570343018e-01
2.545136866627839556e-01,3.167724907398223877e-01
2.539312754804892158e-01,3.365094959735870361e-01
2.533488642981944761e-01,3.321155607700347900e-01
2.527664531158998473e-01,3.305109739303588867e-01
2.521840419336051076e-01,3.332470357418060303e-01
2.516016307513103678e-01,3.154518902301788330e-01
2.510192195690157391e-01,3.401873111724853516e-01
2.504368083867209993e-01,3.112370669841766357e-01
2.498543972044262595e-01,3.227459490299224854e-01
2.492719860221316308e-01,4.463571608066558838e-01
2.486895748398368911e-01,4.037839174270629883e-01
2.481071636575421513e-01,3.330357372760772705e-01
2.475247524752475226e-01,3.397738039493560791e-01
2.469423412929527828e-01,2.909214794635772705e-01
2.463599301106581541e-01,2.900091111660003662e-01
2.457775189283634143e-01,2.497920393943786621e-01
2.451951077460686745e-01,2.534010112285614014e-01
2.446126965637740458e-01,2.443203926086425781e-01
2.440302853814793060e-01,2.336482852697372437e-01
2.434478741991845663e-01,2.307037115097045898e-01
2.428654630168899375e-01,2.267758548259735107e-01
2.422830518345951978e-01,2.165510356426239014e-01
2.417006406523004580e-01,2.355278730392456055e-01
2.411182294700058293e-01,2.189759314060211182e-01
2.405358182877110895e-01,2.209700942039489746e-01
2.399534071054163498e-01,2.249743193387985229e-01
2.393709959231217210e-01,2.169709205627441406e-01
2.387885847408269813e-01,2.267946898937225342e-01
2.382061735585323525e-01,2.175965756177902222e-01
2.376237623762376128e-01,2.199948132038116455e-01
2.370413511939428730e-01,2.334914803504943848e-01
2.364589400116482443e-01,2.247107028961181641e-01
2.358765288293535045e-01,2.180297076702117920e-01
2.352941176470587648e-01,2.186188250780105591e-01
2.347117064647641360e-01,2.187055796384811401e-01
2.341292952824693963e-01,2.094397097826004028e-01
2.335468841001746565e-01,2.194087803363800049e-01
2.329644729178800278e-01,2.153002321720123291e-01
2.323820617355852880e-01,2.049232721328735352e-01
2.317996505532905482e-01,2.088307887315750122e-01
2.312172393709959195e-01,2.100927531719207764e-01
2.306348281887011797e-01,1.989135891199111938e-01
2.300524170064065510e-01,2.083221971988677979e-01
2.294700058241118112e-01,2.072209268808364868e-01
2.288875946418170715e-01,1.966034322977066040e-01
2.283051834595224427e-01,2.043834775686264038e-01
2.277227722772277030e-01,2.034381031990051270e-01
2.271403610949329632e-01,2.144570350646972656e-01
2.265579499126383345e-01,1.936091482639312744e-01
2.259755387303435947e-01,1.949605047702789307e-01
2.253931275480488550e-01,1.951846629381179810e-01
2.248107163657542262e-01,2.030047774314880371e-01
2.242283051834594865e-01,1.892712414264678955e-01
2.236458940011647467e-01,1.999116390943527222e-01
2.230634828188701180e-01,1.759382486343383789e-01
2.224810716365753782e-01,1.721585094928741455e-01
2.218986604542807495e-01,1.942699402570724487e-01
2.213162492719860097e-01,1.906402111053466797e-01
2.207338380896912700e-01,1.947562247514724731e-01
2.201514269073966412e-01,1.659038960933685303e-01
2.195690157251019015e-01,1.955456137657165527e-01
2.189866045428071617e-01,1.738514006137847900e-01
2.184041933605125330e-01,1.863321959972381592e-01
2.178217821782177932e-01,1.617972850799560547e-01
2.172393709959230534e-01,1.718202829360961914e-01
2.166569598136284247e-01,1.975934952497482300e-01
2.160745486313336849e-01,1.894988417625427246e-01
2.154921374490389452e-01,1.853499412536621094e-01
2.149097262667443164e-01,1.702065467834472656e-01
2.143273150844495767e-01,1.716465801000595093e-01
2.137449039021549480e-01,1.826653331518173218e-01
2.131624927198602082e-01,1.646413207054138184e-01
2.125800815375654684e-01,1.646847128868103027e-01
2.119976703552708397e-01,1.697706580162048340e-01
2.114152591729760999e-01,1.774725019931793213e-01
2.108328479906813602e-01,1.587466001510620117e-01
2.102504368083867314e-01,1.861179322004318237e-01
2.096680256260919917e-01,1.752288639545440674e-01
2.090856144437972519e-01,1.563342213630676270e-01
2.085032032615026232e-01,1.632855385541915894e-01
2.079207920792078834e-01,1.515357196331024170e-01
2.073383808969131437e-01,1.471665650606155396e-01
2.067559697146185149e-01,1.550396531820297241e-01
2.061735585323237752e-01,1.468665152788162231e-01
2.055911473500291464e-01,1.558181494474411011e-01
2.050087361677344067e-01,1.538305431604385376e-01
2.044263249854396669e-01,1.268154382705688477e-01
2.038439138031450382e-01,1.513142436742782593e-01
2.032615026208502984e-01,1.475288122892379761e-01
2.026790914385555586e-01,1.273590326309204102e-01
2.020966802562609299e-01,1.265814751386642456e-01
2.015142690739661901e-01,1.401742100715637207e-01
2.009318578916714504e-01,1.402316838502883911e-01
2.003494467093768217e-01,1.521514952182769775e-01
1.997670355270820819e-01,1.418663263320922852e-01
1.991846243447873421e-01,1.506136804819107056e-01
1.986022131624927134e-01,1.400295346975326538e-01
1.980198019801979736e-01,1.575369238853454590e-01
1.974373907979033449e-01,1.535231471061706543e-01
1.968549796156086051e-01,1.494175940752029419e-01
1.962725684333138654e-01,1.538596004247665405e-01
1.956901572510192366e-01,1.491104513406753540e-01
1.951077460687244969e-01,1.573280692100524902e-01
1.945253348864297571e-01,1.542312055826187134e-01
1.939429237041351284e-01,1.528565138578414917e-01
1.933605125218403886e-01,1.378200948238372803e-01
1.927781013395456489e-01,1.489197462797164917e-01
1.921956901572510201e-01,1.422492414712905884e-01
1.916132789749562804e-01,1.416967809200286865e-01
1.910308677926615406e-01,1.308432966470718384e-01
1.904484566103669119e-01,1.484125703573226929e-01
1.898660454280721721e-01,1.454845517873764038e-01
1.892836342457775434e-01,1.409708559513092041e-01
1.887012230634828036e-01,1.469114273786544800e-01
1.881188118811880639e-01,1.440846174955368042e-01
1.875364006988934351e-01,1.464378535747528076e-01
1.869539895165986954e-01,1.501177847385406494e-01
1.863715783343039556e-01,1.557785123586654663e-01
1.857891671520093269e-01,1.431798189878463745e-01
1.852067559697145871e-01,1.516064554452896118e-01
1.846243447874198473e-01,1.516122817993164062e-01
1.840419336051252186e-01,1.581352949142456055e-01
1.834595224228304788e-01,1.521142274141311646e-01
1.828771112405357391e-01,1.538004875183105469e-01
1.822947000582411103e-01,1.514510959386825562e-01
1.817122888759463706e-01,1.275083273649215698e-01
1.811298776936517418e-01,1.365869492292404175e-01
1.805474665113570021e-01,1.394296437501907349e-01
1.799650553290622623e-01,1.453924328088760376e-01
1.793826441467676336e-01,1.432051807641983032e-01
1.788002329644728938e-01,1.543768793344497681e-01
1.782178217821781541e-01,1.429167538881301880e-01
1.776354105998835253e-01,1.423588544130325317e-01
1.770529994175887856e-01,1.447679847478866577e-01
1.764705882352940458e-01,1.487536877393722534e-01
1.758881770529994171e-01,1.544784754514694214e-01
1.753057658707046773e-01,1.428767591714859009e-01
1.747233546884099376e-01,1.415068060159683228e-01
1.741409435061153088e-01,1.471026986837387085e-01
1.735585323238205691e-01,1.398697793483734131e-01
1.729761211415259403e-01,1.451552659273147583e-01
1.723937099592312006e-01,1.377679705619812012e-01
1.718112987769364608e-01,1.499142199754714966e-01
1.712288875946418321e-01,1.521362662315368652e-01
1.706464764123470923e-01,1.558683067560195923e-01
1.700640652300523525e-01,1.549464911222457886e-01
1.694816540477577238e-01,1.401776522397994995e-01
1.688992428654629840e-01,1.475663036108016968e-01
1.683168316831682443e-01,1.378859132528305054e-01
1.677344205008736155e-01,1.382124274969100952e-01
1.671520093185788758e-01,1.311476230621337891e-01
1.665695981362841360e-01,1.517948955297470093e-01
1.659871869539895073e-01,1.451566964387893677e-01
1.654047757716947675e-01,1.435052454471588135e-01
1.648223645894001388e-01,1.365823447704315186e-01
1.642399534071053990e-01,1.508531421422958374e-01
1.636575422248106593e-01,1.536800116300582886e-01
1.630751310425160305e-01,1.366148144006729126e-01
1.624927198602212908e-01,1.221731826663017273e-01
1.619103086779265510e-01,1.492125540971755981e-01
1.613278974956319223e-01,1.380203813314437866e-01
1.607454863133371825e-01,1.513354480266571045e-01
1.601630751310424428e-01,1.362072974443435669e-01
1.595806639487478140e-01,1.535729318857192993e-01
1.589982527664530743e-01,1.374354213476181030e-01
1.584158415841583345e-01,1.435260623693466187e-01
1.578334304018637058e-01,1.436339765787124634e-01
1.572510192195689660e-01,1.201554536819458008e-01
1.566686080372743373e-01,1.274082958698272705e-01
1.560861968549795975e-01,1.349726170301437378e-01
1.555037856726848577e-01,1.431752294301986694e-01
1.549213744903902290e-01,1.371517628431320190e-01
1.543389633080954892e-01,1.414755284786224365e-01
1.537565521258007495e-01,1.409226506948471069e-01
1.531741409435061207e-01,1.493371129035949707e-01
1.525917297612113810e-01,1.456297785043716431e-01
1.520093185789166412e-01,1.371451765298843384e-01
1.514269073966220125e-01,1.347353011369705200e-01
1.508444962143272727e-01,1.289239525794982910e-01
1.502620850320325330e-01,1.526650339365005493e-01
1.496796738497379042e-01,1.176598966121673584e-01
1.490972626674431645e-01,1.377132982015609741e-01
1.485148514851485357e-01,1.392722278833389282e-01
1.479324403028537960e-01,1.434924751520156860e-01
1.473500291205590562e-01,1.481331139802932739e-01
1.467676179382644275e-01,1.460897326469421387e-01
1.461852067559696877e-01,1.306470930576324463e-01
1.456027955736749480e-01,1.482279896736145020e-01
1.450203843913803192e-01,1.375149935483932495e-01
1.444379732090855795e-01,1.405280679464340210e-01
1.438555620267908397e-01,1.274466067552566528e-01
1.432731508444962110e-01,1.114996895194053650e-01
1.426907396622014712e-01,1.464397460222244263e-01
1.421083284799067314e-01,1.485931128263473511e-01
1.415259172976121027e-01,1.344879418611526489e-01
1.409435061153173629e-01,1.392602473497390747e-01
1.403610949330227342e-01,1.420798450708389282e-01
1.397786837507279945e-01,1.036631017923355103e-01
1.391962725684332547e-01,1.454516202211380005e-01
1.386138613861386260e-01,1.170322671532630920e-01
1.380314502038438862e-01,1.194449439644813538e-01
1.374490390215491464e-01,1.364739388227462769e-01
1.368666278392545177e-01,1.157682910561561584e-01
1.362842166569597779e-01,1.438195556402206421e-01
1.357018054746650382e-01,1.281078010797500610e-01
1.351193942923704094e-01,1.415312588214874268e-01
1.345369831100756697e-01,1.431671828031539917e-01
1.339545719277809299e-01,1.359437257051467896e-01
1.333721607454863012e-01,1.306379586458206177e-01
1.327897495631915614e-01,1.396787315607070923e-01
1.322073383808969327e-01,9.854242950677871704e-02
1.316249271986021929e-01,1.434433907270431519e-01
1.310425160163074532e-01,1.382503211498260498e-01
1.304601048340128244e-01,1.403246074914932251e-01
1.298776936517180847e-01,1.388289183378219604e-01
1.292952824694233449e-01,1.363905072212219238e-01
1.287128712871287162e-01,1.381449997425079346e-01
1.281304601048339764e-01,1.293624788522720337e-01
1.275480489225392366e-01,1.443845778703689575e-01
1.269656377402446079e-01,1.371476054191589355e-01
1.263832265579498682e-01,1.393385827541351318e-01
1.258008153756551284e-01,1.401981562376022339e-01
1.252184041933604997e-01,1.366219073534011841e-01
1.246359930110657599e-01,1.385572701692581177e-01
1.240535818287711312e-01,1.035578325390815735e-01
1.234711706464763914e-01,1.436304599046707153e-01
1.228887594641816516e-01,1.448311507701873779e-01
1.223063482818870229e-01,1.357281655073165894e-01
1.217239370995922831e-01,1.457747220993041992e-01
1.211415259172975434e-01,1.358658522367477417e-01
1.205591147350029146e-01,1.395045220851898193e-01
1.199767035527081749e-01,1.301291435956954956e-01
1.193942923704134351e-01,1.256259828805923462e-01
1.188118811881188064e-01,1.314415484666824341e-01
1.182294700058240666e-01,1.349411457777023315e-01
1.176470588235293269e-01,1.372676193714141846e-01
1.170646476412346981e-01,1.247917935252189636e-01
1.164822364589399584e-01,1.303146630525588989e-01
1.158998252766453296e-01,1.356509476900100708e-01
1.153174140943505899e-01,9.526871889829635620e-02
1.147350029120558501e-01,1.183923482894897461e-01
1.141525917297612214e-01,1.089665442705154419e-01
1.135701805474664816e-01,1.308177560567855835e-01
1.129877693651717419e-01,1.361122280359268188e-01
1.124053581828771131e-01,1.234171614050865173e-01
1.118229470005823734e-01,1.363969892263412476e-01
1.112405358182876336e-01,1.073252484202384949e-01
1.106581246359930049e-01,1.254187673330307007e-01
1.100757134536982651e-01,1.381365507841110229e-01
1.094933022714035253e-01,1.231306567788124084e-01
1.089108910891088966e-01,1.185142695903778076e-01
1.083284799068141568e-01,1.355005055665969849e-01
1.077460687245195281e-01,1.328497380018234253e-01
1.071636575422247883e-01,7.367248088121414185e-02
1.065812463599300486e-01,9.900709241628646851e-02
1.059988351776354198e-01,7.187581062316894531e-02
1.054164239953406801e-01,1.274033039808273315e-01
1.048340128130459403e-01,1.315860897302627563e-01
1.042516016307513116e-01,1.182107478380203247e-01
1.036691904484565718e-01,1.340662389993667603e-01
1.030867792661618321e-01,1.156484335660934448e-01
1.025043680838672033e-01,1.107971146702766418e-01
1.019219569015724636e-01,1.272938549518585205e-01
1.013395457192778348e-01,1.263117045164108276e-01
1.007571345369830951e-01,9.334390610456466675e-02
1.001747233546883553e-01,1.111468821763992310e-01
9.959231217239372658e-02,1.226503327488899231e-01
9.900990099009898682e-02,1.118280962109565735e-01
9.842748980780424706e-02,1.151849403977394104e-01
9.784507862550961832e-02,1.372185200452804565e-01
9.726266744321487856e-02,1.099387183785438538e-01
9.668025626092013880e-02,1.062849909067153931e-01
9.609784507862551006e-02,1.308518499135971069e-01
9.551543389633077030e-02,1.402390897274017334e-01
9.493302271403603054e-02,6.739885360002517700e-02
9.435061153174140181e-02,6.999638676643371582e-02
9.376820034944666205e-02,1.139843240380287170e-01
9.318578916715203331e-02,1.012239456176757812e-01
9.260337798485729355e-02,1.185576319694519043e-01
9.202096680256255379e-02,1.151101440191268921e-01
9.143855562026792505e-02,7.283069938421249390e-02
9.085614443797318529e-02,1.078226417303085327e-01
9.027373325567844553e-02,1.240857467055320740e-01
8.969132207338381679e-02,1.444945931434631348e-01
8.910891089108907703e-02,7.012446969747543335e-02
8.852649970879433727e-02,1.185607165098190308e-01
8.794408852649970854e-02,9.873560816049575806e-02
8.736167734420496878e-02,7.119905948638916016e-02
8.677926616191022902e-02,6.547345966100692749e-02
8.619685497961560028e-02,5.972962826490402222e-02
8.561444379732086052e-02,9.048487991094589233e-02
8.503203261502623178e-02,6.718460470438003540e-02
8.444962143273149202e-02,7.477117329835891724e-02
8.386721025043675226e-02,1.180423200130462646e-01
8.328479906814212352e-02,6.631449609994888306e-02
8.270238788584738376e-02,8.749089390039443970e-02
8.211997670355264400e-02,1.014148369431495667e-01
8.153756552125801527e-02,9.642130881547927856e-02
8.095515433896327551e-02,1.048969700932502747e-01
8.037274315666853575e-02,1.152188256382942200e-01
7.979033197437390701e-02,1.143326908349990845e-01
7.920792079207916725e-02,6.834257394075393677e-02
7.862550960978442749e-02,7.447069138288497925e-02
7.804309842748979875e-02,9.538688510656356812e-02
7.746068724519505899e-02,1.124979034066200256e-01
7.687827606290043025e-02,9.916431456804275513e-02
7.629586488060569049e-02,6.214481592178344727e-02
7.571345369831095073e-02,9.968253225088119507e-02
7.513104251601632200e-02,1.172665208578109741e-01
7.454863133372158224e-02,1.017941311001777649e-01
7.396622015142684248e-02,8.711896091699600220e-02
7.338380896913221374e-02,9.395620971918106079e-02
7.280139778683747398e-02,6.572421640157699585e-02
7.221898660454273422e-02,8.698450773954391479e-02
7.163657542224810548e-02,1.017192602157592773e-01
7.105416423995336572e-02,1.161916181445121765e-01
7.047175305765862596e-02,1.121298745274543762e-01
6.988934187536399723e-02,9.879301488399505615e-02
6.930693069306925747e-02,9.692921489477157593e-02
6.872451951077462873e-02,9.753452986478805542e-02
6.814210832847988897e-02,6.238522380590438843e-02
6.755969714618514921e-02,6.443578749895095825e-02
6.697728596389052047e-02,6.491713970899581909e-02
6.639487478159578071e-02,7.698620110750198364e-02
6.581246359930104095e-02,1.236599758267402649e-01
6.523005241700641221e-02,6.876351684331893921e-02
6.464764123471167245e-02,5.080617964267730713e-02
6.406523005241693269e-02,6.975685805082321167e-02
6.348281887012230396e-02,6.641700118780136108e-02
6.290040768782756420e-02,6.386331468820571899e-02
6.231799650553282444e-02,7.637584954500198364e-02
6.173558532323819570e-02,6.639854609966278076e-02
6.115317414094345594e-02,8.387430757284164429e-02
6.057076295864882720e-02,6.437854468822479248e-02
5.998835177635408744e-02,1.124607920646667480e-01
5.940594059405934768e-02,6.093650311231613159e-02
5.882352941176471894e-02,6.751972436904907227e-02
5.824111822946997918e-02,5.242134630680084229e-02
5.765870704717523942e-02,5.632270127534866333e-02
5.707629586488061069e-02,6.215264648199081421e-02
5.649388468258587093e-02,6.489541381597518921e-02
5.591147350029113117e-02,6.701844185590744019e-02
5.532906231799650243e-02,6.601791828870773315e-02
5.474665113570176267e-02,6.380769610404968262e-02
5.416423995340702291e-02,3.010148368775844574e-02
5.358182877111239417e-02,6.190683692693710327e-02
5.299941758881765441e-02,7.126221805810928345e-02
5.241700640652302567e-02,5.583053827285766602e-02
5.183459522422828591e-02,6.518477946519851685e-02
5.125218404193354615e-02,6.028655171394348145e-02
5.066977285963891742e-02,6.846495717763900757e-02
5.008736167734417766e-02,4.686133563518524170e-02
4.950495049504943790e-02,6.726580113172531128e-02
4.892253931275480916e-02,5.915086716413497925e-02
4.834012813046006940e-02,3.275939822196960449e-02
4.775771694816532964e-02,5.016536265611648560e-02
4.717530576587070090e-02,7.223217934370040894e-02
4.659289458357596114e-02,6.502170115709304810e-02
4.601048340128122138e-02,6.929615885019302368e-02
4.542807221898659265e-02,6.748416274785995483e-02
4.484566103669185289e-02,7.179424166679382324e-02
4.426324985439722415e-02,5.120970308780670166e-02
4.368083867210248439e-02,5.117665231227874756e-02
4.309842748980774463e-02,3.056897781789302826e-02
4.251601630751311589e-02,5.845054239034652710e-02
4.193360512521837613e-02,5.871859937906265259e-02
4.135119394292363637e-02,5.188807845115661621e-02
4.076878276062900763e-02,1.100884452462196350e-01
4.018637157833426787e-02,6.904620677232742310e-02
3.960396039603952811e-02,6.776940077543258667e-02
3.902154921374489938e-02,5.812755972146987915e-02
3.843913803145015962e-02,7.099690288305282593e-02
3.785672684915541986e-02,5.867794901132583618e-02
3.727431566686079112e-02,5.974591523408889771e-02
3.669190448456605136e-02,6.958957016468048096e-02
3.610949330227142262e-02,6.313972920179367065e-02
3.552708211997668286e-02,5.409237742424011230e-02
3.494467093768194310e-02,6.754859536886215210e-02
3.436225975538731436e-02,6.655324995517730713e-02
3.377984857309257460e-02,4.771943390369415283e-02
3.319743739079783484e-02,6.294122338294982910e-02
3.261502620850320611e-02,2.717114053666591644e-02
3.203261502620846635e-02,6.746431440114974976e-02
3.145020384391372659e-02,4.996597021818161011e-02
3.086779266161909785e-02,6.564695388078689575e-02
3.028538147932435809e-02,5.542558431625366211e-02
2.970297029702961833e-02,6.486258655786514282e-02
2.912055911473498959e-02,4.927565157413482666e-02
2.853814793244024983e-02,5.126345902681350708e-02
2.795573675014562109e-02,5.917898565530776978e-02
2.737332556785088133e-02,2.978117577731609344e-02
2.679091438555614157e-02,5.000247061252593994e-02
2.620850320326151284e-02,4.857456684112548828e-02
2.562609202096677308e-02,2.935939095914363861e-02
2.504368083867203332e-02,2.864068560302257538e-02
2.446126965637740458e-02,2.710263989865779877e-02
2.387885847408266482e-02,2.709562145173549652e-02
2.329644729178792506e-02,2.680619247257709503e-02
2.271403610949329632e-02,5.423052608966827393e-02
2.213162492719855656e-02,2.760447375476360321e-02
2.154921374490381680e-02,2.554022334516048431e-02
2.096680256260918807e-02,2.695941738784313202e-02
2.038439138031444831e-02,5.340885370969772339e-02
1.980198019801981957e-02,2.518854103982448578e-02
1.921956901572507981e-02,2.342980913817882538e-02
1.863715783343034005e-02,2.733254618942737579e-02
1.805474665113571131e-02,2.969579212367534637e-02
1.747233546884097155e-02,2.496654726564884186e-02
1.688992428654623179e-02,2.417814172804355621e-02
1.630751310425160305e-02,2.770595811307430267e-02
1.572510192195686329e-02,2.690784819424152374e-02
1.514269073966212353e-02,2.542447485029697418e-02
1.456027955736749480e-02,2.471860684454441071e-02
1.397786837507275504e-02,2.364641986787319183e-02
1.339545719277801528e-02,2.353936992585659027e-02
1.281304601048338654e-02,2.475146763026714325e-02
1.223063482818864678e-02,2.571768313646316528e-02
1.164822364589401804e-02,2.372428402304649353e-02
1.106581246359927828e-02,2.370170690119266510e-02
1.048340128130453852e-02,2.607329376041889191e-02
9.900990099009909784e-03,2.344171144068241119e-02
9.318578916715170024e-03,2.712543867528438568e-02
8.736167734420430264e-03,2.381103299558162689e-02
8.153756552125801527e-03,2.469231374561786652e-02
7.571345369831061767e-03,2.385411225259304047e-02
6.988934187536322007e-03,2.362059988081455231e-02
6.406523005241693269e-03,2.350997738540172577e-02
5.824111822946953509e-03,2.360714040696620941e-02
5.241700640652213750e-03,2.327487803995609283e-02
4.659289458357585012e-03,2.392424084246158600e-02
4.076878276062845252e-03,2.341585792601108551e-02
3.494467093768216515e-03,2.340320684015750885e-02
2.912055911473476755e-03,2.357969991862773895e-02
2.329644729178736995e-03,2.311589010059833527e-02
1.747233546884108257e-03,2.366599254310131073e-02
1.164822364589368497e-03,2.317891269922256470e-02
5.824111822946287376e-04,2.612879127264022827e-02
0.000000000000000000e+00,2.401438169181346893e-02
